#,Name,Type,Total,HP,Attack,Defense,Sp. Atk,Sp. Def,Speed,Type 1,Type 2
1,Bulbasaur,Grass Poison,318,45,49,49,65,65,45,Grass,Poison
2,Ivysaur,Grass Poison,405,60,62,63,80,80,60,Grass,Poison
3,Venusaur,Grass Poison,525,80,82,83,100,100,80,Grass,Poison
3,Venusaur Mega Venusaur,Grass Poison,625,80,100,123,122,120,80,Grass,Poison
4,Charmander,Fire,309,39,52,43,60,50,65,Fire,
5,Charmeleon,Fire,405,58,64,58,80,65,80,Fire,
6,Charizard,Fire Flying,534,78,84,78,109,85,100,Fire,Flying
6,Charizard Mega Charizard X,Fire Dragon,634,78,130,111,130,85,100,Fire,Dragon
6,Charizard Mega Charizard Y,Fire Flying,634,78,104,78,159,115,100,Fire,Flying
7,Squirtle,Water,314,44,48,65,50,64,43,Water,
8,Wartortle,Water,405,59,63,80,65,80,58,Water,
9,Blastoise,Water,530,79,83,100,85,105,78,Water,
9,Blastoise Mega Blastoise,Water,630,79,103,120,135,115,78,Water,
10,Caterpie,Bug,195,45,30,35,20,20,45,Bug,
11,Metapod,Bug,205,50,20,55,25,25,30,Bug,
12,Butterfree,Bug Flying,395,60,45,50,90,80,70,Bug,Flying
13,Weedle,Bug Poison,195,40,35,30,20,20,50,Bug,Poison
14,Kakuna,Bug Poison,205,45,25,50,25,25,35,Bug,Poison
15,Beedrill,Bug Poison,395,65,90,40,45,80,75,Bug,Poison
15,Beedrill Mega Beedrill,Bug Poison,495,65,150,40,15,80,145,Bug,Poison
16,Pidgey,Normal Flying,251,40,45,40,35,35,56,Normal,Flying
17,Pidgeotto,Normal Flying,349,63,60,55,50,50,71,Normal,Flying
18,Pidgeot,Normal Flying,479,83,80,75,70,70,101,Normal,Flying
18,Pidgeot Mega Pidgeot,Normal Flying,579,83,80,80,135,80,121,Normal,Flying
19,Rattata,Normal,253,30,56,35,25,35,72,Normal,
19,Rattata Alolan Rattata,Dark Normal,253,30,56,35,25,35,72,Dark,Normal
20,Raticate,Normal,413,55,81,60,50,70,97,Normal,
20,Raticate Alolan Raticate,Dark Normal,413,75,71,70,40,80,77,Dark,Normal
21,Spearow,Normal Flying,262,40,60,30,31,31,70,Normal,Flying
22,Fearow,Normal Flying,442,65,90,65,61,61,100,Normal,Flying
23,Ekans,Poison,288,35,60,44,40,54,55,Poison,
24,Arbok,Poison,448,60,95,69,65,79,80,Poison,
25,Pikachu,Electric,320,35,55,40,50,50,90,Electric,
25,Pikachu Partner Pikachu,Electric,430,45,80,50,75,60,120,Electric,
26,Raichu,Electric,485,60,90,55,90,80,110,Electric,
26,Raichu Alolan Raichu,Electric Psychic,485,60,85,50,95,85,110,Electric,Psychic
27,Sandshrew,Ground,300,50,75,85,20,30,40,Ground,
27,Sandshrew Alolan Sandshrew,Ice Steel,300,50,75,90,10,35,40,Ice,Steel
28,Sandslash,Ground,450,75,100,110,45,55,65,Ground,
28,Sandslash Alolan Sandslash,Ice Steel,450,75,100,120,25,65,65,Ice,Steel
29,Nidoran♀,Poison,275,55,47,52,40,40,41,Poison,
30,Nidorina,Poison,365,70,62,67,55,55,56,Poison,
31,Nidoqueen,Poison Ground,505,90,92,87,75,85,76,Poison,Ground
32,Nidoran♂,Poison,273,46,57,40,40,40,50,Poison,
33,Nidorino,Poison,365,61,72,57,55,55,65,Poison,
34,Nidoking,Poison Ground,505,81,102,77,85,75,85,Poison,Ground
35,Clefairy,Fairy,323,70,45,48,60,65,35,Fairy,
36,Clefable,Fairy,483,95,70,73,95,90,60,Fairy,
37,Vulpix,Fire,299,38,41,40,50,65,65,Fire,
37,Vulpix Alolan Vulpix,Ice,299,38,41,40,50,65,65,Ice,
38,Ninetales,Fire,505,73,76,75,81,100,100,Fire,
38,Ninetales Alolan Ninetales,Ice Fairy,505,73,67,75,81,100,109,Ice,Fairy
39,Jigglypuff,Normal Fairy,270,115,45,20,45,25,20,Normal,Fairy
40,Wigglytuff,Normal Fairy,435,140,70,45,85,50,45,Normal,Fairy
41,Zubat,Poison Flying,245,40,45,35,30,40,55,Poison,Flying
42,Golbat,Poison Flying,455,75,80,70,65,75,90,Poison,Flying
43,Oddish,Grass Poison,320,45,50,55,75,65,30,Grass,Poison
44,Gloom,Grass Poison,395,60,65,70,85,75,40,Grass,Poison
45,Vileplume,Grass Poison,490,75,80,85,110,90,50,Grass,Poison
46,Paras,Bug Grass,285,35,70,55,45,55,25,Bug,Grass
47,Parasect,Bug Grass,405,60,95,80,60,80,30,Bug,Grass
48,Venonat,Bug Poison,305,60,55,50,40,55,45,Bug,Poison
49,Venomoth,Bug Poison,450,70,65,60,90,75,90,Bug,Poison
50,Diglett,Ground,265,10,55,25,35,45,95,Ground,
50,Diglett Alolan Diglett,Ground Steel,265,10,55,30,35,45,90,Ground,Steel
51,Dugtrio,Ground,425,35,100,50,50,70,120,Ground,
51,Dugtrio Alolan Dugtrio,Ground Steel,425,35,100,60,50,70,110,Ground,Steel
52,Meowth,Normal,290,40,45,35,40,40,90,Normal,
52,Meowth Alolan Meowth,Dark,290,40,35,35,50,40,90,Dark,
52,Meowth Galarian Meowth,Steel,290,50,65,55,40,40,40,Steel,
53,Persian,Normal,440,65,70,60,65,65,115,Normal,
53,Persian Alolan Persian,Dark,440,65,60,60,75,65,115,Dark,
54,Psyduck,Water,320,50,52,48,65,50,55,Water,
55,Golduck,Water,500,80,82,78,95,80,85,Water,
56,Mankey,Fighting,305,40,80,35,35,45,70,Fighting,
57,Primeape,Fighting,455,65,105,60,60,70,95,Fighting,
58,Growlithe,Fire,350,55,70,45,70,50,60,Fire,
58,Growlithe Hisuian Growlithe,Fire Rock,350,60,75,45,65,50,55,Fire,Rock
59,Arcanine,Fire,555,90,110,80,100,80,95,Fire,
59,Arcanine Hisuian Arcanine,Fire Rock,555,95,115,80,95,80,90,Fire,Rock
60,Poliwag,Water,300,40,50,40,40,40,90,Water,
61,Poliwhirl,Water,385,65,65,65,50,50,90,Water,
62,Poliwrath,Water Fighting,510,90,95,95,70,90,70,Water,Fighting
63,Abra,Psychic,310,25,20,15,105,55,90,Psychic,
64,Kadabra,Psychic,400,40,35,30,120,70,105,Psychic,
65,Alakazam,Psychic,500,55,50,45,135,95,120,Psychic,
65,Alakazam Mega Alakazam,Psychic,600,55,50,65,175,105,150,Psychic,
66,Machop,Fighting,305,70,80,50,35,35,35,Fighting,
67,Machoke,Fighting,405,80,100,70,50,60,45,Fighting,
68,Machamp,Fighting,505,90,130,80,65,85,55,Fighting,
69,Bellsprout,Grass Poison,300,50,75,35,70,30,40,Grass,Poison
70,Weepinbell,Grass Poison,390,65,90,50,85,45,55,Grass,Poison
71,Victreebel,Grass Poison,490,80,105,65,100,70,70,Grass,Poison
72,Tentacool,Water Poison,335,40,40,35,50,100,70,Water,Poison
73,Tentacruel,Water Poison,515,80,70,65,80,120,100,Water,Poison
74,Geodude,Rock Ground,300,40,80,100,30,30,20,Rock,Ground
74,Geodude Alolan Geodude,Rock Electric,300,40,80,100,30,30,20,Rock,Electric
75,Graveler,Rock Ground,390,55,95,115,45,45,35,Rock,Ground
75,Graveler Alolan Graveler,Rock Electric,390,55,95,115,45,45,35,Rock,Electric
76,Golem,Rock Ground,495,80,120,130,55,65,45,Rock,Ground
76,Golem Alolan Golem,Rock Electric,495,80,120,130,55,65,45,Rock,Electric
77,Ponyta,Fire,410,50,85,55,65,65,90,Fire,
77,Ponyta Galarian Ponyta,Psychic,410,50,85,55,65,65,90,Psychic,
78,Rapidash,Fire,500,65,100,70,80,80,105,Fire,
78,Rapidash Galarian Rapidash,Psychic Fairy,500,65,100,70,80,80,105,Psychic,Fairy
79,Slowpoke,Water Psychic,315,90,65,65,40,40,15,Water,Psychic
79,Slowpoke Galarian Slowpoke,Psychic,315,90,65,65,40,40,15,Psychic,
80,Slowbro,Water Psychic,490,95,75,110,100,80,30,Water,Psychic
80,Slowbro Mega Slowbro,Water Psychic,590,95,75,180,130,80,30,Water,Psychic
80,Slowbro Galarian Slowbro,Poison Psychic,490,95,100,95,100,70,30,Poison,Psychic
81,Magnemite,Electric Steel,325,25,35,70,95,55,45,Electric,Steel
82,Magneton,Electric Steel,465,50,60,95,120,70,70,Electric,Steel
83,Farfetch'd,Normal Flying,377,52,90,55,58,62,60,Normal,Flying
83,Farfetch'd Galarian Farfetch'd,Fighting,377,52,95,55,58,62,55,Fighting,
84,Doduo,Normal Flying,310,35,85,45,35,35,75,Normal,Flying
85,Dodrio,Normal Flying,470,60,110,70,60,60,110,Normal,Flying
86,Seel,Water,325,65,45,55,45,70,45,Water,
87,Dewgong,Water Ice,475,90,70,80,70,95,70,Water,Ice
88,Grimer,Poison,325,80,80,50,40,50,25,Poison,
88,Grimer Alolan Grimer,Poison Dark,325,80,80,50,40,50,25,Poison,Dark
89,Muk,Poison,500,105,105,75,65,100,50,Poison,
89,Muk Alolan Muk,Poison Dark,500,105,105,75,65,100,50,Poison,Dark
90,Shellder,Water,305,30,65,100,45,25,40,Water,
91,Cloyster,Water Ice,525,50,95,180,85,45,70,Water,Ice
92,Gastly,Ghost Poison,310,30,35,30,100,35,80,Ghost,Poison
93,Haunter,Ghost Poison,405,45,50,45,115,55,95,Ghost,Poison
94,Gengar,Ghost Poison,500,60,65,60,130,75,110,Ghost,Poison
94,Gengar Mega Gengar,Ghost Poison,600,60,65,80,170,95,130,Ghost,Poison
95,Onix,Rock Ground,385,35,45,160,30,45,70,Rock,Ground
96,Drowzee,Psychic,328,60,48,45,43,90,42,Psychic,
97,Hypno,Psychic,483,85,73,70,73,115,67,Psychic,
98,Krabby,Water,325,30,105,90,25,25,50,Water,
99,Kingler,Water,475,55,130,115,50,50,75,Water,
100,Voltorb,Electric,330,40,30,50,55,55,100,Electric,
100,Voltorb Hisuian Voltorb,Electric Grass,330,40,30,50,55,55,100,Electric,Grass
101,Electrode,Electric,490,60,50,70,80,80,150,Electric,
101,Electrode Hisuian Electrode,Electric Grass,490,60,50,70,80,80,150,Electric,Grass
102,Exeggcute,Grass Psychic,325,60,40,80,60,45,40,Grass,Psychic
103,Exeggutor,Grass Psychic,530,95,95,85,125,75,55,Grass,Psychic
103,Exeggutor Alolan Exeggutor,Grass Dragon,530,95,105,85,125,75,45,Grass,Dragon
104,Cubone,Ground,320,50,50,95,40,50,35,Ground,
105,Marowak,Ground,425,60,80,110,50,80,45,Ground,
105,Marowak Alolan Marowak,Fire Ghost,425,60,80,110,50,80,45,Fire,Ghost
106,Hitmonlee,Fighting,455,50,120,53,35,110,87,Fighting,
107,Hitmonchan,Fighting,455,50,105,79,35,110,76,Fighting,
108,Lickitung,Normal,385,90,55,75,60,75,30,Normal,
109,Koffing,Poison,340,40,65,95,60,45,35,Poison,
110,Weezing,Poison,490,65,90,120,85,70,60,Poison,
110,Weezing Galarian Weezing,Poison Fairy,490,65,90,120,85,70,60,Poison,Fairy
111,Rhyhorn,Ground Rock,345,80,85,95,30,30,25,Ground,Rock
112,Rhydon,Ground Rock,485,105,130,120,45,45,40,Ground,Rock
113,Chansey,Normal,450,250,5,5,35,105,50,Normal,
114,Tangela,Grass,435,65,55,115,100,40,60,Grass,
115,Kangaskhan,Normal,490,105,95,80,40,80,90,Normal,
115,Kangaskhan Mega Kangaskhan,Normal,590,105,125,100,60,100,100,Normal,
116,Horsea,Water,295,30,40,70,70,25,60,Water,
117,Seadra,Water,440,55,65,95,95,45,85,Water,
118,Goldeen,Water,320,45,67,60,35,50,63,Water,
119,Seaking,Water,450,80,92,65,65,80,68,Water,
120,Staryu,Water,340,30,45,55,70,55,85,Water,
121,Starmie,Water Psychic,520,60,75,85,100,85,115,Water,Psychic
122,Mr. Mime,Psychic Fairy,460,40,45,65,100,120,90,Psychic,Fairy
122,Mr. Mime Galarian Mr. Mime,Ice Psychic,460,50,65,65,90,90,100,Ice,Psychic
123,Scyther,Bug Flying,500,70,110,80,55,80,105,Bug,Flying
124,Jynx,Ice Psychic,455,65,50,35,115,95,95,Ice,Psychic
125,Electabuzz,Electric,490,65,83,57,95,85,105,Electric,
126,Magmar,Fire,495,65,95,57,100,85,93,Fire,
127,Pinsir,Bug,500,65,125,100,55,70,85,Bug,
127,Pinsir Mega Pinsir,Bug Flying,600,65,155,120,65,90,105,Bug,Flying
128,Tauros,Normal,490,75,100,95,40,70,110,Normal,
128,Tauros Combat Breed,Fighting,490,75,110,105,30,70,100,Fighting,
128,Tauros Blaze Breed,Fighting Fire,490,75,110,105,30,70,100,Fighting,Fire
128,Tauros Aqua Breed,Fighting Water,490,75,110,105,30,70,100,Fighting,Water
129,Magikarp,Water,200,20,10,55,15,20,80,Water,
130,Gyarados,Water Flying,540,95,125,79,60,100,81,Water,Flying
130,Gyarados Mega Gyarados,Water Dark,640,95,155,109,70,130,81,Water,Dark
131,Lapras,Water Ice,535,130,85,80,85,95,60,Water,Ice
132,Ditto,Normal,288,48,48,48,48,48,48,Normal,
133,Eevee,Normal,325,55,55,50,45,65,55,Normal,
133,Eevee Partner Eevee,Normal,435,65,75,70,65,85,75,Normal,
134,Vaporeon,Water,525,130,65,60,110,95,65,Water,
135,Jolteon,Electric,525,65,65,60,110,95,130,Electric,
136,Flareon,Fire,525,65,130,60,95,110,65,Fire,
137,Porygon,Normal,395,65,60,70,85,75,40,Normal,
138,Omanyte,Rock Water,355,35,40,100,90,55,35,Rock,Water
139,Omastar,Rock Water,495,70,60,125,115,70,55,Rock,Water
140,Kabuto,Rock Water,355,30,80,90,55,45,55,Rock,Water
141,Kabutops,Rock Water,495,60,115,105,65,70,80,Rock,Water
142,Aerodactyl,Rock Flying,515,80,105,65,60,75,130,Rock,Flying
142,Aerodactyl Mega Aerodactyl,Rock Flying,615,80,135,85,70,95,150,Rock,Flying
143,Snorlax,Normal,540,160,110,65,65,110,30,Normal,
144,Articuno,Ice Flying,580,90,85,100,95,125,85,Ice,Flying
144,Articuno Galarian Articuno,Psychic Flying,580,90,85,85,125,100,95,Psychic,Flying
145,Zapdos,Electric Flying,580,90,90,85,125,90,100,Electric,Flying
145,Zapdos Galarian Zapdos,Fighting Flying,580,90,125,90,85,90,100,Fighting,Flying
146,Moltres,Fire Flying,580,90,100,90,125,85,90,Fire,Flying
146,Moltres Galarian Moltres,Dark Flying,580,90,85,90,100,125,90,Dark,Flying
147,Dratini,Dragon,300,41,64,45,50,50,50,Dragon,
148,Dragonair,Dragon,420,61,84,65,70,70,70,Dragon,
149,Dragonite,Dragon Flying,600,91,134,95,100,100,80,Dragon,Flying
150,Mewtwo,Psychic,680,106,110,90,154,90,130,Psychic,
150,Mewtwo Mega Mewtwo X,Psychic Fighting,780,106,190,100,154,100,130,Psychic,Fighting
150,Mewtwo Mega Mewtwo Y,Psychic,780,106,150,70,194,120,140,Psychic,
151,Mew,Psychic,600,100,100,100,100,100,100,Psychic,
152,Chikorita,Grass,318,45,49,65,49,65,45,Grass,
153,Bayleef,Grass,405,60,62,80,63,80,60,Grass,
154,Meganium,Grass,525,80,82,100,83,100,80,Grass,
155,Cyndaquil,Fire,309,39,52,43,60,50,65,Fire,
156,Quilava,Fire,405,58,64,58,80,65,80,Fire,
157,Typhlosion,Fire,534,78,84,78,109,85,100,Fire,
157,Typhlosion Hisuian Typhlosion,Fire Ghost,534,73,84,78,119,85,95,Fire,Ghost
158,Totodile,Water,314,50,65,64,44,48,43,Water,
159,Croconaw,Water,405,65,80,80,59,63,58,Water,
160,Feraligatr,Water,530,85,105,100,79,83,78,Water,
161,Sentret,Normal,215,35,46,34,35,45,20,Normal,
162,Furret,Normal,415,85,76,64,45,55,90,Normal,
163,Hoothoot,Normal Flying,262,60,30,30,36,56,50,Normal,Flying
164,Noctowl,Normal Flying,452,100,50,50,86,96,70,Normal,Flying
165,Ledyba,Bug Flying,265,40,20,30,40,80,55,Bug,Flying
166,Ledian,Bug Flying,390,55,35,50,55,110,85,Bug,Flying
167,Spinarak,Bug Poison,250,40,60,40,40,40,30,Bug,Poison
168,Ariados,Bug Poison,400,70,90,70,60,70,40,Bug,Poison
169,Crobat,Poison Flying,535,85,90,80,70,80,130,Poison,Flying
170,Chinchou,Water Electric,330,75,38,38,56,56,67,Water,Electric
171,Lanturn,Water Electric,460,125,58,58,76,76,67,Water,Electric
172,Pichu,Electric,205,20,40,15,35,35,60,Electric,
173,Cleffa,Fairy,218,50,25,28,45,55,15,Fairy,
174,Igglybuff,Normal Fairy,210,90,30,15,40,20,15,Normal,Fairy
175,Togepi,Fairy,245,35,20,65,40,65,20,Fairy,
176,Togetic,Fairy Flying,405,55,40,85,80,105,40,Fairy,Flying
177,Natu,Psychic Flying,320,40,50,45,70,45,70,Psychic,Flying
178,Xatu,Psychic Flying,470,65,75,70,95,70,95,Psychic,Flying
179,Mareep,Electric,280,55,40,40,65,45,35,Electric,
180,Flaaffy,Electric,365,70,55,55,80,60,45,Electric,
181,Ampharos,Electric,510,90,75,85,115,90,55,Electric,
181,Ampharos Mega Ampharos,Electric Dragon,610,90,95,105,165,110,45,Electric,Dragon
182,Bellossom,Grass,490,75,80,95,90,100,50,Grass,
183,Marill,Water Fairy,250,70,20,50,20,50,40,Water,Fairy
184,Azumarill,Water Fairy,420,100,50,80,60,80,50,Water,Fairy
185,Sudowoodo,Rock,410,70,100,115,30,65,30,Rock,
186,Politoed,Water,500,90,75,75,90,100,70,Water,
187,Hoppip,Grass Flying,250,35,35,40,35,55,50,Grass,Flying
188,Skiploom,Grass Flying,340,55,45,50,45,65,80,Grass,Flying
189,Jumpluff,Grass Flying,460,75,55,70,55,95,110,Grass,Flying
190,Aipom,Normal,360,55,70,55,40,55,85,Normal,
191,Sunkern,Grass,180,30,30,30,30,30,30,Grass,
192,Sunflora,Grass,425,75,75,55,105,85,30,Grass,
193,Yanma,Bug Flying,390,65,65,45,75,45,95,Bug,Flying
194,Wooper,Water Ground,210,55,45,45,25,25,15,Water,Ground
194,Wooper Paldean Wooper,Poison Ground,210,55,45,45,25,25,15,Poison,Ground
195,Quagsire,Water Ground,430,95,85,85,65,65,35,Water,Ground
196,Espeon,Psychic,525,65,65,60,130,95,110,Psychic,
197,Umbreon,Dark,525,95,65,110,60,130,65,Dark,
198,Murkrow,Dark Flying,405,60,85,42,85,42,91,Dark,Flying
199,Slowking,Water Psychic,490,95,75,80,100,110,30,Water,Psychic
199,Slowking Galarian Slowking,Poison Psychic,490,95,65,80,110,110,30,Poison,Psychic
200,Misdreavus,Ghost,435,60,60,60,85,85,85,Ghost,
201,Unown,Psychic,336,48,72,48,72,48,48,Psychic,
202,Wobbuffet,Psychic,405,190,33,58,33,58,33,Psychic,
203,Girafarig,Normal Psychic,455,70,80,65,90,65,85,Normal,Psychic
204,Pineco,Bug,290,50,65,90,35,35,15,Bug,
205,Forretress,Bug Steel,465,75,90,140,60,60,40,Bug,Steel
206,Dunsparce,Normal,415,100,70,70,65,65,45,Normal,
207,Gligar,Ground Flying,430,65,75,105,35,65,85,Ground,Flying
208,Steelix,Steel Ground,510,75,85,200,55,65,30,Steel,Ground
208,Steelix Mega Steelix,Steel Ground,610,75,125,230,55,95,30,Steel,Ground
209,Snubbull,Fairy,300,60,80,50,40,40,30,Fairy,
210,Granbull,Fairy,450,90,120,75,60,60,45,Fairy,
211,Qwilfish,Water Poison,440,65,95,85,55,55,85,Water,Poison
211,Qwilfish Hisuian Qwilfish,Dark Poison,440,65,95,85,55,55,85,Dark,Poison
212,Scizor,Bug Steel,500,70,130,100,55,80,65,Bug,Steel
212,Scizor Mega Scizor,Bug Steel,600,70,150,140,65,100,75,Bug,Steel
213,Shuckle,Bug Rock,505,20,10,230,10,230,5,Bug,Rock
214,Heracross,Bug Fighting,500,80,125,75,40,95,85,Bug,Fighting
214,Heracross Mega Heracross,Bug Fighting,600,80,185,115,40,105,75,Bug,Fighting
215,Sneasel,Dark Ice,430,55,95,55,35,75,115,Dark,Ice
215,Sneasel Hisuian Sneasel,Fighting Poison,430,55,95,55,35,75,115,Fighting,Poison
216,Teddiursa,Normal,330,60,80,50,50,50,40,Normal,
217,Ursaring,Normal,500,90,130,75,75,75,55,Normal,
218,Slugma,Fire,250,40,40,40,70,40,20,Fire,
219,Magcargo,Fire Rock,430,60,50,120,90,80,30,Fire,Rock
220,Swinub,Ice Ground,250,50,50,40,30,30,50,Ice,Ground
221,Piloswine,Ice Ground,450,100,100,80,60,60,50,Ice,Ground
222,Corsola,Water Rock,410,65,55,95,65,95,35,Water,Rock
222,Corsola Galarian Corsola,Ghost,410,60,55,100,65,100,30,Ghost,
223,Remoraid,Water,300,35,65,35,65,35,65,Water,
224,Octillery,Water,480,75,105,75,105,75,45,Water,
225,Delibird,Ice Flying,330,45,55,45,65,45,75,Ice,Flying
226,Mantine,Water Flying,485,85,40,70,80,140,70,Water,Flying
227,Skarmory,Steel Flying,465,65,80,140,40,70,70,Steel,Flying
228,Houndour,Dark Fire,330,45,60,30,80,50,65,Dark,Fire
229,Houndoom,Dark Fire,500,75,90,50,110,80,95,Dark,Fire
229,Houndoom Mega Houndoom,Dark Fire,600,75,90,90,140,90,115,Dark,Fire
230,Kingdra,Water Dragon,540,75,95,95,95,95,85,Water,Dragon
231,Phanpy,Ground,330,90,60,60,40,40,40,Ground,
232,Donphan,Ground,500,90,120,120,60,60,50,Ground,
233,Porygon2,Normal,515,85,80,90,105,95,60,Normal,
234,Stantler,Normal,465,73,95,62,85,65,85,Normal,
235,Smeargle,Normal,250,55,20,35,20,45,75,Normal,
236,Tyrogue,Fighting,210,35,35,35,35,35,35,Fighting,
237,Hitmontop,Fighting,455,50,95,95,35,110,70,Fighting,
238,Smoochum,Ice Psychic,305,45,30,15,85,65,65,Ice,Psychic
239,Elekid,Electric,360,45,63,37,65,55,95,Electric,
240,Magby,Fire,365,45,75,37,70,55,83,Fire,
241,Miltank,Normal,490,95,80,105,40,70,100,Normal,
242,Blissey,Normal,540,255,10,10,75,135,55,Normal,
243,Raikou,Electric,580,90,85,75,115,100,115,Electric,
244,Entei,Fire,580,115,115,85,90,75,100,Fire,
245,Suicune,Water,580,100,75,115,90,115,85,Water,
246,Larvitar,Rock Ground,300,50,64,50,45,50,41,Rock,Ground
247,Pupitar,Rock Ground,410,70,84,70,65,70,51,Rock,Ground
248,Tyranitar,Rock Dark,600,100,134,110,95,100,61,Rock,Dark
248,Tyranitar Mega Tyranitar,Rock Dark,700,100,164,150,95,120,71,Rock,Dark
249,Lugia,Psychic Flying,680,106,90,130,90,154,110,Psychic,Flying
250,Ho-oh,Fire Flying,680,106,130,90,110,154,90,Fire,Flying
251,Celebi,Psychic Grass,600,100,100,100,100,100,100,Psychic,Grass
252,Treecko,Grass,310,40,45,35,65,55,70,Grass,
253,Grovyle,Grass,405,50,65,45,85,65,95,Grass,
254,Sceptile,Grass,530,70,85,65,105,85,120,Grass,
254,Sceptile Mega Sceptile,Grass Dragon,630,70,110,75,145,85,145,Grass,Dragon
255,Torchic,Fire,310,45,60,40,70,50,45,Fire,
256,Combusken,Fire Fighting,405,60,85,60,85,60,55,Fire,Fighting
257,Blaziken,Fire Fighting,530,80,120,70,110,70,80,Fire,Fighting
257,Blaziken Mega Blaziken,Fire Fighting,630,80,160,80,130,80,100,Fire,Fighting
258,Mudkip,Water,310,50,70,50,50,50,40,Water,
259,Marshtomp,Water Ground,405,70,85,70,60,70,50,Water,Ground
260,Swampert,Water Ground,535,100,110,90,85,90,60,Water,Ground
260,Swampert Mega Swampert,Water Ground,635,100,150,110,95,110,70,Water,Ground
261,Poochyena,Dark,220,35,55,35,30,30,35,Dark,
262,Mightyena,Dark,420,70,90,70,60,60,70,Dark,
263,Zigzagoon,Normal,240,38,30,41,30,41,60,Normal,
263,Zigzagoon Galarian Zigzagoon,Dark Normal,240,38,30,41,30,41,60,Dark,Normal
264,Linoone,Normal,420,78,70,61,50,61,100,Normal,
264,Linoone Galarian Linoone,Dark Normal,420,78,70,61,50,61,100,Dark,Normal
265,Wurmple,Bug,195,45,45,35,20,30,20,Bug,
266,Silcoon,Bug,205,50,35,55,25,25,15,Bug,
267,Beautifly,Bug Flying,395,60,70,50,100,50,65,Bug,Flying
268,Cascoon,Bug,205,50,35,55,25,25,15,Bug,
269,Dustox,Bug Poison,385,60,50,70,50,90,65,Bug,Poison
270,Lotad,Water Grass,220,40,30,30,40,50,30,Water,Grass
271,Lombre,Water Grass,340,60,50,50,60,70,50,Water,Grass
272,Ludicolo,Water Grass,480,80,70,70,90,100,70,Water,Grass
273,Seedot,Grass,220,40,40,50,30,30,30,Grass,
274,Nuzleaf,Grass Dark,340,70,70,40,60,40,60,Grass,Dark
275,Shiftry,Grass Dark,480,90,100,60,90,60,80,Grass,Dark
276,Taillow,Normal Flying,270,40,55,30,30,30,85,Normal,Flying
277,Swellow,Normal Flying,455,60,85,60,75,50,125,Normal,Flying
278,Wingull,Water Flying,270,40,30,30,55,30,85,Water,Flying
279,Pelipper,Water Flying,440,60,50,100,95,70,65,Water,Flying
280,Ralts,Psychic Fairy,198,28,25,25,45,35,40,Psychic,Fairy
281,Kirlia,Psychic Fairy,278,38,35,35,65,55,50,Psychic,Fairy
282,Gardevoir,Psychic Fairy,518,68,65,65,125,115,80,Psychic,Fairy
282,Gardevoir Mega Gardevoir,Psychic Fairy,618,68,85,65,165,135,100,Psychic,Fairy
283,Surskit,Bug Water,269,40,30,32,50,52,65,Bug,Water
284,Masquerain,Bug Flying,454,70,60,62,100,82,80,Bug,Flying
285,Shroomish,Grass,295,60,40,60,40,60,35,Grass,
286,Breloom,Grass Fighting,460,60,130,80,60,60,70,Grass,Fighting
287,Slakoth,Normal,280,60,60,60,35,35,30,Normal,
288,Vigoroth,Normal,440,80,80,80,55,55,90,Normal,
289,Slaking,Normal,670,150,160,100,95,65,100,Normal,
290,Nincada,Bug Ground,266,31,45,90,30,30,40,Bug,Ground
291,Ninjask,Bug Flying,456,61,90,45,50,50,160,Bug,Flying
292,Shedinja,Bug Ghost,236,1,90,45,30,30,40,Bug,Ghost
293,Whismur,Normal,240,64,51,23,51,23,28,Normal,
294,Loudred,Normal,360,84,71,43,71,43,48,Normal,
295,Exploud,Normal,490,104,91,63,91,73,68,Normal,
296,Makuhita,Fighting,237,72,60,30,20,30,25,Fighting,
297,Hariyama,Fighting,474,144,120,60,40,60,50,Fighting,
298,Azurill,Normal Fairy,190,50,20,40,20,40,20,Normal,Fairy
299,Nosepass,Rock,375,30,45,135,45,90,30,Rock,
300,Skitty,Normal,260,50,45,45,35,35,50,Normal,
301,Delcatty,Normal,400,70,65,65,55,55,90,Normal,
302,Sableye,Dark Ghost,380,50,75,75,65,65,50,Dark,Ghost
302,Sableye Mega Sableye,Dark Ghost,480,50,85,125,85,115,20,Dark,Ghost
303,Mawile,Steel Fairy,380,50,85,85,55,55,50,Steel,Fairy
303,Mawile Mega Mawile,Steel Fairy,480,50,105,125,55,95,50,Steel,Fairy
304,Aron,Steel Rock,330,50,70,100,40,40,30,Steel,Rock
305,Lairon,Steel Rock,430,60,90,140,50,50,40,Steel,Rock
306,Aggron,Steel Rock,530,70,110,180,60,60,50,Steel,Rock
306,Aggron Mega Aggron,Steel,630,70,140,230,60,80,50,Steel,
307,Meditite,Fighting Psychic,280,30,40,55,40,55,60,Fighting,Psychic
308,Medicham,Fighting Psychic,410,60,60,75,60,75,80,Fighting,Psychic
308,Medicham Mega Medicham,Fighting Psychic,510,60,100,85,80,85,100,Fighting,Psychic
309,Electrike,Electric,295,40,45,40,65,40,65,Electric,
310,Manectric,Electric,475,70,75,60,105,60,105,Electric,
310,Manectric Mega Manectric,Electric,575,70,75,80,135,80,135,Electric,
311,Plusle,Electric,405,60,50,40,85,75,95,Electric,
312,Minun,Electric,405,60,40,50,75,85,95,Electric,
313,Volbeat,Bug,430,65,73,75,47,85,85,Bug,
314,Illumise,Bug,430,65,47,75,73,85,85,Bug,
315,Roselia,Grass Poison,400,50,60,45,100,80,65,Grass,Poison
316,Gulpin,Poison,302,70,43,53,43,53,40,Poison,
317,Swalot,Poison,467,100,73,83,73,83,55,Poison,
318,Carvanha,Water Dark,305,45,90,20,65,20,65,Water,Dark
319,Sharpedo,Water Dark,460,70,120,40,95,40,95,Water,Dark
319,Sharpedo Mega Sharpedo,Water Dark,560,70,140,70,110,65,105,Water,Dark
320,Wailmer,Water,400,130,70,35,70,35,60,Water,
321,Wailord,Water,500,170,90,45,90,45,60,Water,
322,Numel,Fire Ground,305,60,60,40,65,45,35,Fire,Ground
323,Camerupt,Fire Ground,460,70,100,70,105,75,40,Fire,Ground
323,Camerupt Mega Camerupt,Fire Ground,560,70,120,100,145,105,20,Fire,Ground
324,Torkoal,Fire,470,70,85,140,85,70,20,Fire,
325,Spoink,Psychic,330,60,25,35,70,80,60,Psychic,
326,Grumpig,Psychic,470,80,45,65,90,110,80,Psychic,
327,Spinda,Normal,360,60,60,60,60,60,60,Normal,
328,Trapinch,Ground,290,45,100,45,45,45,10,Ground,
329,Vibrava,Ground Dragon,340,50,70,50,50,50,70,Ground,Dragon
330,Flygon,Ground Dragon,520,80,100,80,80,80,100,Ground,Dragon
331,Cacnea,Grass,335,50,85,40,85,40,35,Grass,
332,Cacturne,Grass Dark,475,70,115,60,115,60,55,Grass,Dark
333,Swablu,Normal Flying,310,45,40,60,40,75,50,Normal,Flying
334,Altaria,Dragon Flying,490,75,70,90,70,105,80,Dragon,Flying
334,Altaria Mega Altaria,Dragon Fairy,590,75,110,110,110,105,80,Dragon,Fairy
335,Zangoose,Normal,458,73,115,60,60,60,90,Normal,
336,Seviper,Poison,458,73,100,60,100,60,65,Poison,
337,Lunatone,Rock Psychic,460,90,55,65,95,85,70,Rock,Psychic
338,Solrock,Rock Psychic,460,90,95,85,55,65,70,Rock,Psychic
339,Barboach,Water Ground,288,50,48,43,46,41,60,Water,Ground
340,Whiscash,Water Ground,468,110,78,73,76,71,60,Water,Ground
341,Corphish,Water,308,43,80,65,50,35,35,Water,
342,Crawdaunt,Water Dark,468,63,120,85,90,55,55,Water,Dark
343,Baltoy,Ground Psychic,300,40,40,55,40,70,55,Ground,Psychic
344,Claydol,Ground Psychic,500,60,70,105,70,120,75,Ground,Psychic
345,Lileep,Rock Grass,355,66,41,77,61,87,23,Rock,Grass
346,Cradily,Rock Grass,495,86,81,97,81,107,43,Rock,Grass
347,Anorith,Rock Bug,355,45,95,50,40,50,75,Rock,Bug
348,Armaldo,Rock Bug,495,75,125,100,70,80,45,Rock,Bug
349,Feebas,Water,200,20,15,20,10,55,80,Water,
350,Milotic,Water,540,95,60,79,100,125,81,Water,
351,Castform,Normal,420,70,70,70,70,70,70,Normal,
351,Castform Sunny Form,Fire,420,70,70,70,70,70,70,Fire,
351,Castform Rainy Form,Water,420,70,70,70,70,70,70,Water,
351,Castform Snowy Form,Ice,420,70,70,70,70,70,70,Ice,
352,Kecleon,Normal,440,60,90,70,60,120,40,Normal,
353,Shuppet,Ghost,295,44,75,35,63,33,45,Ghost,
354,Banette,Ghost,455,64,115,65,83,63,65,Ghost,
354,Banette Mega Banette,Ghost,555,64,165,75,93,83,75,Ghost,
355,Duskull,Ghost,295,20,40,90,30,90,25,Ghost,
356,Dusclops,Ghost,455,40,70,130,60,130,25,Ghost,
357,Tropius,Grass Flying,460,99,68,83,72,87,51,Grass,Flying
358,Chimecho,Psychic,455,75,50,80,95,90,65,Psychic,
359,Absol,Dark,465,65,130,60,75,60,75,Dark,
359,Absol Mega Absol,Dark,565,65,150,60,115,60,115,Dark,
360,Wynaut,Psychic,260,95,23,48,23,48,23,Psychic,
361,Snorunt,Ice,300,50,50,50,50,50,50,Ice,
362,Glalie,Ice,480,80,80,80,80,80,80,Ice,
362,Glalie Mega Glalie,Ice,580,80,120,80,120,80,100,Ice,
363,Spheal,Ice Water,290,70,40,50,55,50,25,Ice,Water
364,Sealeo,Ice Water,410,90,60,70,75,70,45,Ice,Water
365,Walrein,Ice Water,530,110,80,90,95,90,65,Ice,Water
366,Clamperl,Water,345,35,64,85,74,55,32,Water,
367,Huntail,Water,485,55,104,105,94,75,52,Water,
368,Gorebyss,Water,485,55,84,105,114,75,52,Water,
369,Relicanth,Water Rock,485,100,90,130,45,65,55,Water,Rock
370,Luvdisc,Water,330,43,30,55,40,65,97,Water,
371,Bagon,Dragon,300,45,75,60,40,30,50,Dragon,
372,Shelgon,Dragon,420,65,95,100,60,50,50,Dragon,
373,Salamence,Dragon Flying,600,95,135,80,110,80,100,Dragon,Flying
373,Salamence Mega Salamence,Dragon Flying,700,95,145,130,120,90,120,Dragon,Flying
374,Beldum,Steel Psychic,300,40,55,80,35,60,30,Steel,Psychic
375,Metang,Steel Psychic,420,60,75,100,55,80,50,Steel,Psychic
376,Metagross,Steel Psychic,600,80,135,130,95,90,70,Steel,Psychic
376,Metagross Mega Metagross,Steel Psychic,700,80,145,150,105,110,110,Steel,Psychic
377,Regirock,Rock,580,80,100,200,50,100,50,Rock,
378,Regice,Ice,580,80,50,100,100,200,50,Ice,
379,Registeel,Steel,580,80,75,150,75,150,50,Steel,
380,Latias,Dragon Psychic,600,80,80,90,110,130,110,Dragon,Psychic
380,Latias Mega Latias,Dragon Psychic,700,80,100,120,140,150,110,Dragon,Psychic
381,Latios,Dragon Psychic,600,80,90,80,130,110,110,Dragon,Psychic
381,Latios Mega Latios,Dragon Psychic,700,80,130,100,160,120,110,Dragon,Psychic
382,Kyogre,Water,670,100,100,90,150,140,90,Water,
382,Kyogre Primal Kyogre,Water,770,100,150,90,180,160,90,Water,
383,Groudon,Ground,670,100,150,140,100,90,90,Ground,
383,Groudon Primal Groudon,Ground Fire,770,100,180,160,150,90,90,Ground,Fire
384,Rayquaza,Dragon Flying,680,105,150,90,150,90,95,Dragon,Flying
384,Rayquaza Mega Rayquaza,Dragon Flying,780,105,180,100,180,100,115,Dragon,Flying
385,Jirachi,Steel Psychic,600,100,100,100,100,100,100,Steel,Psychic
386,Deoxys Normal Forme,Psychic,600,50,150,50,150,50,150,Psychic,
386,Deoxys Attack Forme,Psychic,600,50,180,20,180,20,150,Psychic,
386,Deoxys Defense Forme,Psychic,600,50,70,160,70,160,90,Psychic,
386,Deoxys Speed Forme,Psychic,600,50,95,90,95,90,180,Psychic,
387,Turtwig,Grass,318,55,68,64,45,55,31,Grass,
388,Grotle,Grass,405,75,89,85,55,65,36,Grass,
389,Torterra,Grass Ground,525,95,109,105,75,85,56,Grass,Ground
390,Chimchar,Fire,309,44,58,44,58,44,61,Fire,
391,Monferno,Fire Fighting,405,64,78,52,78,52,81,Fire,Fighting
392,Infernape,Fire Fighting,534,76,104,71,104,71,108,Fire,Fighting
393,Piplup,Water,314,53,51,53,61,56,40,Water,
394,Prinplup,Water,405,64,66,68,81,76,50,Water,
395,Empoleon,Water Steel,530,84,86,88,111,101,60,Water,Steel
396,Starly,Normal Flying,245,40,55,30,30,30,60,Normal,Flying
397,Staravia,Normal Flying,340,55,75,50,40,40,80,Normal,Flying
398,Staraptor,Normal Flying,485,85,120,70,50,60,100,Normal,Flying
399,Bidoof,Normal,250,59,45,40,35,40,31,Normal,
400,Bibarel,Normal Water,410,79,85,60,55,60,71,Normal,Water
401,Kricketot,Bug,194,37,25,41,25,41,25,Bug,
402,Kricketune,Bug,384,77,85,51,55,51,65,Bug,
403,Shinx,Electric,263,45,65,34,40,34,45,Electric,
404,Luxio,Electric,363,60,85,49,60,49,60,Electric,
405,Luxray,Electric,523,80,120,79,95,79,70,Electric,
406,Budew,Grass Poison,280,40,30,35,50,70,55,Grass,Poison
407,Roserade,Grass Poison,515,60,70,65,125,105,90,Grass,Poison
408,Cranidos,Rock,350,67,125,40,30,30,58,Rock,
409,Rampardos,Rock,495,97,165,60,65,50,58,Rock,
410,Shieldon,Rock Steel,350,30,42,118,42,88,30,Rock,Steel
411,Bastiodon,Rock Steel,495,60,52,168,47,138,30,Rock,Steel
412,Burmy Plant Cloak,Bug,224,40,29,45,29,45,36,Bug,
412,Burmy Sandy Cloak,Bug,224,40,29,45,29,45,36,Bug,
412,Burmy Trash Cloak,Bug,224,40,29,45,29,45,36,Bug,
413,Wormadam Plant Cloak,Bug Grass,424,60,59,85,79,105,36,Bug,Grass
413,Wormadam Sandy Cloak,Bug Ground,424,60,79,105,59,85,36,Bug,Ground
413,Wormadam Trash Cloak,Bug Steel,424,60,69,95,69,95,36,Bug,Steel
414,Mothim,Bug Flying,424,70,94,50,94,50,66,Bug,Flying
415,Combee,Bug Flying,244,30,30,42,30,42,70,Bug,Flying
416,Vespiquen,Bug Flying,474,70,80,102,80,102,40,Bug,Flying
417,Pachirisu,Electric,405,60,45,70,45,90,95,Electric,
418,Buizel,Water,330,55,65,35,60,30,85,Water,
419,Floatzel,Water,495,85,105,55,85,50,115,Water,
420,Cherubi,Grass,275,45,35,45,62,53,35,Grass,
421,Cherrim,Grass,450,70,60,70,87,78,85,Grass,
422,Shellos,Water,325,76,48,48,57,62,34,Water,
423,Gastrodon,Water Ground,475,111,83,68,92,82,39,Water,Ground
424,Ambipom,Normal,482,75,100,66,60,66,115,Normal,
425,Drifloon,Ghost Flying,348,90,50,34,60,44,70,Ghost,Flying
426,Drifblim,Ghost Flying,498,150,80,44,90,54,80,Ghost,Flying
427,Buneary,Normal,350,55,66,44,44,56,85,Normal,
428,Lopunny,Normal,480,65,76,84,54,96,105,Normal,
428,Lopunny Mega Lopunny,Normal Fighting,580,65,136,94,54,96,135,Normal,Fighting
429,Mismagius,Ghost,495,60,60,60,105,105,105,Ghost,
430,Honchkrow,Dark Flying,505,100,125,52,105,52,71,Dark,Flying
431,Glameow,Normal,310,49,55,42,42,37,85,Normal,
432,Purugly,Normal,452,71,82,64,64,59,112,Normal,
433,Chingling,Psychic,285,45,30,50,65,50,45,Psychic,
434,Stunky,Poison Dark,329,63,63,47,41,41,74,Poison,Dark
435,Skuntank,Poison Dark,479,103,93,67,71,61,84,Poison,Dark
436,Bronzor,Steel Psychic,300,57,24,86,24,86,23,Steel,Psychic
437,Bronzong,Steel Psychic,500,67,89,116,79,116,33,Steel,Psychic
438,Bonsly,Rock,290,50,80,95,10,45,10,Rock,
439,Mime Jr.,Psychic Fairy,310,20,25,45,70,90,60,Psychic,Fairy
440,Happiny,Normal,220,100,5,5,15,65,30,Normal,
441,Chatot,Normal Flying,411,76,65,45,92,42,91,Normal,Flying
442,Spiritomb,Ghost Dark,485,50,92,108,92,108,35,Ghost,Dark
443,Gible,Dragon Ground,300,58,70,45,40,45,42,Dragon,Ground
444,Gabite,Dragon Ground,410,68,90,65,50,55,82,Dragon,Ground
445,Garchomp,Dragon Ground,600,108,130,95,80,85,102,Dragon,Ground
445,Garchomp Mega Garchomp,Dragon Ground,700,108,170,115,120,95,92,Dragon,Ground
446,Munchlax,Normal,390,135,85,40,40,85,5,Normal,
447,Riolu,Fighting,285,40,70,40,35,40,60,Fighting,
448,Lucario,Fighting Steel,525,70,110,70,115,70,90,Fighting,Steel
448,Lucario Mega Lucario,Fighting Steel,625,70,145,88,140,70,112,Fighting,Steel
449,Hippopotas,Ground,330,68,72,78,38,42,32,Ground,
450,Hippowdon,Ground,525,108,112,118,68,72,47,Ground,
451,Skorupi,Poison Bug,330,40,50,90,30,55,65,Poison,Bug
452,Drapion,Poison Dark,500,70,90,110,60,75,95,Poison,Dark
453,Croagunk,Poison Fighting,300,48,61,40,61,40,50,Poison,Fighting
454,Toxicroak,Poison Fighting,490,83,106,65,86,65,85,Poison,Fighting
455,Carnivine,Grass,454,74,100,72,90,72,46,Grass,
456,Finneon,Water,330,49,49,56,49,61,66,Water,
457,Lumineon,Water,460,69,69,76,69,86,91,Water,
458,Mantyke,Water Flying,345,45,20,50,60,120,50,Water,Flying
459,Snover,Grass Ice,334,60,62,50,62,60,40,Grass,Ice
460,Abomasnow,Grass Ice,494,90,92,75,92,85,60,Grass,Ice
460,Abomasnow Mega Abomasnow,Grass Ice,594,90,132,105,132,105,30,Grass,Ice
461,Weavile,Dark Ice,510,70,120,65,45,85,125,Dark,Ice
462,Magnezone,Electric Steel,535,70,70,115,130,90,60,Electric,Steel
463,Lickilicky,Normal,515,110,85,95,80,95,50,Normal,
464,Rhyperior,Ground Rock,535,115,140,130,55,55,40,Ground,Rock
465,Tangrowth,Grass,535,100,100,125,110,50,50,Grass,
466,Electivire,Electric,540,75,123,67,95,85,95,Electric,
467,Magmortar,Fire,540,75,95,67,125,95,83,Fire,
468,Togekiss,Fairy Flying,545,85,50,95,120,115,80,Fairy,Flying
469,Yanmega,Bug Flying,515,86,76,86,116,56,95,Bug,Flying
470,Leafeon,Grass,525,65,110,130,60,65,95,Grass,
471,Glaceon,Ice,525,65,60,110,130,95,65,Ice,
472,Gliscor,Ground Flying,510,75,95,125,45,75,95,Ground,Flying
473,Mamoswine,Ice Ground,530,110,130,80,70,60,80,Ice,Ground
474,Porygon-Z,Normal,535,85,80,70,135,75,90,Normal,
475,Gallade,Psychic Fighting,518,68,125,65,65,115,80,Psychic,Fighting
475,Gallade Mega Gallade,Psychic Fighting,618,68,165,95,65,115,110,Psychic,Fighting
476,Probopass,Rock Steel,525,60,55,145,75,150,40,Rock,Steel
477,Dusknoir,Ghost,525,45,100,135,65,135,45,Ghost,
478,Froslass,Ice Ghost,480,70,80,70,80,70,110,Ice,Ghost
479,Rotom,Electric Ghost,440,50,50,77,95,77,91,Electric,Ghost
479,Rotom Heat Rotom,Electric Fire,520,50,65,107,105,107,86,Electric,Fire
479,Rotom Wash Rotom,Electric Water,520,50,65,107,105,107,86,Electric,Water
479,Rotom Frost Rotom,Electric Ice,520,50,65,107,105,107,86,Electric,Ice
479,Rotom Fan Rotom,Electric Flying,520,50,65,107,105,107,86,Electric,Flying
479,Rotom Mow Rotom,Electric Grass,520,50,65,107,105,107,86,Electric,Grass
480,Uxie,Psychic,580,75,75,130,75,130,95,Psychic,
481,Mesprit,Psychic,580,80,105,105,105,105,80,Psychic,
482,Azelf,Psychic,580,75,125,70,125,70,115,Psychic,
483,Dialga,Steel Dragon,680,100,120,120,150,100,90,Steel,Dragon
483,Dialga Origin Forme,Steel Dragon,680,100,100,120,150,120,90,Steel,Dragon
484,Palkia,Water Dragon,680,90,120,100,150,120,100,Water,Dragon
484,Palkia Origin Forme,Water Dragon,680,90,100,100,150,120,120,Water,Dragon
485,Heatran,Fire Steel,600,91,90,106,130,106,77,Fire,Steel
486,Regigigas,Normal,670,110,160,110,80,110,100,Normal,
487,Giratina Altered Forme,Ghost Dragon,680,150,100,120,100,120,90,Ghost,Dragon
487,Giratina Origin Forme,Ghost Dragon,680,150,120,100,120,100,90,Ghost,Dragon
488,Cresselia,Psychic,580,120,70,110,75,120,85,Psychic,
489,Phione,Water,480,80,80,80,80,80,80,Water,
490,Manaphy,Water,600,100,100,100,100,100,100,Water,
491,Darkrai,Dark,600,70,90,90,135,90,125,Dark,
492,Shaymin Land Forme,Grass,600,100,100,100,100,100,100,Grass,
492,Shaymin Sky Forme,Grass Flying,600,100,103,75,120,75,127,Grass,Flying
493,Arceus,Normal,720,120,120,120,120,120,120,Normal,
494,Victini,Psychic Fire,600,100,100,100,100,100,100,Psychic,Fire
495,Snivy,Grass,308,45,45,55,45,55,63,Grass,
496,Servine,Grass,413,60,60,75,60,75,83,Grass,
497,Serperior,Grass,528,75,75,95,75,95,113,Grass,
498,Tepig,Fire,308,65,63,45,45,45,45,Fire,
499,Pignite,Fire Fighting,418,90,93,55,70,55,55,Fire,Fighting
500,Emboar,Fire Fighting,528,110,123,65,100,65,65,Fire,Fighting
501,Oshawott,Water,308,55,55,45,63,45,45,Water,
502,Dewott,Water,413,75,75,60,83,60,60,Water,
503,Samurott,Water,528,95,100,85,108,70,70,Water,
503,Samurott Hisuian Samurott,Water Dark,528,90,108,80,100,65,85,Water,Dark
504,Patrat,Normal,255,45,55,39,35,39,42,Normal,
505,Watchog,Normal,420,60,85,69,60,69,77,Normal,
506,Lillipup,Normal,275,45,60,45,25,45,55,Normal,
507,Herdier,Normal,370,65,80,65,35,65,60,Normal,
508,Stoutland,Normal,500,85,110,90,45,90,80,Normal,
509,Purrloin,Dark,281,41,50,37,50,37,66,Dark,
510,Liepard,Dark,446,64,88,50,88,50,106,Dark,
511,Pansage,Grass,316,50,53,48,53,48,64,Grass,
512,Simisage,Grass,498,75,98,63,98,63,101,Grass,
513,Pansear,Fire,316,50,53,48,53,48,64,Fire,
514,Simisear,Fire,498,75,98,63,98,63,101,Fire,
515,Panpour,Water,316,50,53,48,53,48,64,Water,
516,Simipour,Water,498,75,98,63,98,63,101,Water,
517,Munna,Psychic,292,76,25,45,67,55,24,Psychic,
518,Musharna,Psychic,487,116,55,85,107,95,29,Psychic,
519,Pidove,Normal Flying,264,50,55,50,36,30,43,Normal,Flying
520,Tranquill,Normal Flying,358,62,77,62,50,42,65,Normal,Flying
521,Unfezant,Normal Flying,488,80,115,80,65,55,93,Normal,Flying
522,Blitzle,Electric,295,45,60,32,50,32,76,Electric,
523,Zebstrika,Electric,497,75,100,63,80,63,116,Electric,
524,Roggenrola,Rock,280,55,75,85,25,25,15,Rock,
525,Boldore,Rock,390,70,105,105,50,40,20,Rock,
526,Gigalith,Rock,515,85,135,130,60,80,25,Rock,
527,Woobat,Psychic Flying,323,65,45,43,55,43,72,Psychic,Flying
528,Swoobat,Psychic Flying,425,67,57,55,77,55,114,Psychic,Flying
529,Drilbur,Ground,328,60,85,40,30,45,68,Ground,
530,Excadrill,Ground Steel,508,110,135,60,50,65,88,Ground,Steel
531,Audino,Normal,445,103,60,86,60,86,50,Normal,
531,Audino Mega Audino,Normal Fairy,545,103,60,126,80,126,50,Normal,Fairy
532,Timburr,Fighting,305,75,80,55,25,35,35,Fighting,
533,Gurdurr,Fighting,405,85,105,85,40,50,40,Fighting,
534,Conkeldurr,Fighting,505,105,140,95,55,65,45,Fighting,
535,Tympole,Water,294,50,50,40,50,40,64,Water,
536,Palpitoad,Water Ground,384,75,65,55,65,55,69,Water,Ground
537,Seismitoad,Water Ground,509,105,95,75,85,75,74,Water,Ground
538,Throh,Fighting,465,120,100,85,30,85,45,Fighting,
539,Sawk,Fighting,465,75,125,75,30,75,85,Fighting,
540,Sewaddle,Bug Grass,310,45,53,70,40,60,42,Bug,Grass
541,Swadloon,Bug Grass,380,55,63,90,50,80,42,Bug,Grass
542,Leavanny,Bug Grass,500,75,103,80,70,80,92,Bug,Grass
543,Venipede,Bug Poison,260,30,45,59,30,39,57,Bug,Poison
544,Whirlipede,Bug Poison,360,40,55,99,40,79,47,Bug,Poison
545,Scolipede,Bug Poison,485,60,100,89,55,69,112,Bug,Poison
546,Cottonee,Grass Fairy,280,40,27,60,37,50,66,Grass,Fairy
547,Whimsicott,Grass Fairy,480,60,67,85,77,75,116,Grass,Fairy
548,Petilil,Grass,280,45,35,50,70,50,30,Grass,
549,Lilligant,Grass,480,70,60,75,110,75,90,Grass,
549,Lilligant Hisuian Lilligant,Grass Fighting,480,70,105,75,50,75,105,Grass,Fighting
550,Basculin Red-Striped Form,Water,460,70,92,65,80,55,98,Water,
550,Basculin Blue-Striped Form,Water,460,70,92,65,80,55,98,Water,
550,Basculin White-Striped Form,Water,460,70,92,65,80,55,98,Water,
551,Sandile,Ground Dark,292,50,72,35,35,35,65,Ground,Dark
552,Krokorok,Ground Dark,351,60,82,45,45,45,74,Ground,Dark
553,Krookodile,Ground Dark,519,95,117,80,65,70,92,Ground,Dark
554,Darumaka,Fire,315,70,90,45,15,45,50,Fire,
554,Darumaka Galarian Darumaka,Ice,315,70,90,45,15,45,50,Ice,
555,Darmanitan Standard Mode,Fire,480,105,140,55,30,55,95,Fire,
555,Darmanitan Zen Mode,Fire Psychic,540,105,30,105,140,105,55,Fire,Psychic
555,Darmanitan Galarian Standard Mode,Ice,480,105,140,55,30,55,95,Ice,
555,Darmanitan Galarian Zen Mode,Ice Fire,540,105,160,55,30,55,135,Ice,Fire
556,Maractus,Grass,461,75,86,67,106,67,60,Grass,
557,Dwebble,Bug Rock,325,50,65,85,35,35,55,Bug,Rock
558,Crustle,Bug Rock,485,70,105,125,65,75,45,Bug,Rock
559,Scraggy,Dark Fighting,348,50,75,70,35,70,48,Dark,Fighting
560,Scrafty,Dark Fighting,488,65,90,115,45,115,58,Dark,Fighting
561,Sigilyph,Psychic Flying,490,72,58,80,103,80,97,Psychic,Flying
562,Yamask,Ghost,303,38,30,85,55,65,30,Ghost,
562,Yamask Galarian Yamask,Ground Ghost,303,38,55,85,30,65,30,Ground,Ghost
563,Cofagrigus,Ghost,483,58,50,145,95,105,30,Ghost,
564,Tirtouga,Water Rock,355,54,78,103,53,45,22,Water,Rock
565,Carracosta,Water Rock,495,74,108,133,83,65,32,Water,Rock
566,Archen,Rock Flying,401,55,112,45,74,45,70,Rock,Flying
567,Archeops,Rock Flying,567,75,140,65,112,65,110,Rock,Flying
568,Trubbish,Poison,329,50,50,62,40,62,65,Poison,
569,Garbodor,Poison,474,80,95,82,60,82,75,Poison,
570,Zorua,Dark,330,40,65,40,80,40,65,Dark,
570,Zorua Hisuian Zorua,Normal Ghost,330,35,60,40,85,40,70,Normal,Ghost
571,Zoroark,Dark,510,60,105,60,120,60,105,Dark,
571,Zoroark Hisuian Zoroark,Normal Ghost,510,55,100,60,125,60,110,Normal,Ghost
572,Minccino,Normal,300,55,50,40,40,40,75,Normal,
573,Cinccino,Normal,470,75,95,60,65,60,115,Normal,
574,Gothita,Psychic,290,45,30,50,55,65,45,Psychic,
575,Gothorita,Psychic,390,60,45,70,75,85,55,Psychic,
576,Gothitelle,Psychic,490,70,55,95,95,110,65,Psychic,
577,Solosis,Psychic,290,45,30,40,105,50,20,Psychic,
578,Duosion,Psychic,370,65,40,50,125,60,30,Psychic,
579,Reuniclus,Psychic,490,110,65,75,125,85,30,Psychic,
580,Ducklett,Water Flying,305,62,44,50,44,50,55,Water,Flying
581,Swanna,Water Flying,473,75,87,63,87,63,98,Water,Flying
582,Vanillite,Ice,305,36,50,50,65,60,44,Ice,
583,Vanillish,Ice,395,51,65,65,80,75,59,Ice,
584,Vanilluxe,Ice,535,71,95,85,110,95,79,Ice,
585,Deerling,Normal Grass,335,60,60,50,40,50,75,Normal,Grass
586,Sawsbuck,Normal Grass,475,80,100,70,60,70,95,Normal,Grass
587,Emolga,Electric Flying,428,55,75,60,75,60,103,Electric,Flying
588,Karrablast,Bug,315,50,75,45,40,45,60,Bug,
589,Escavalier,Bug Steel,495,70,135,105,60,105,20,Bug,Steel
590,Foongus,Grass Poison,294,69,55,45,55,55,15,Grass,Poison
591,Amoonguss,Grass Poison,464,114,85,70,85,80,30,Grass,Poison
592,Frillish,Water Ghost,335,55,40,50,65,85,40,Water,Ghost
593,Jellicent,Water Ghost,480,100,60,70,85,105,60,Water,Ghost
594,Alomomola,Water,470,165,75,80,40,45,65,Water,
595,Joltik,Bug Electric,319,50,47,50,57,50,65,Bug,Electric
596,Galvantula,Bug Electric,472,70,77,60,97,60,108,Bug,Electric
597,Ferroseed,Grass Steel,305,44,50,91,24,86,10,Grass,Steel
598,Ferrothorn,Grass Steel,489,74,94,131,54,116,20,Grass,Steel
599,Klink,Steel,300,40,55,70,45,60,30,Steel,
600,Klang,Steel,440,60,80,95,70,85,50,Steel,
601,Klinklang,Steel,520,60,100,115,70,85,90,Steel,
602,Tynamo,Electric,275,35,55,40,45,40,60,Electric,
603,Eelektrik,Electric,405,65,85,70,75,70,40,Electric,
604,Eelektross,Electric,515,85,115,80,105,80,50,Electric,
605,Elgyem,Psychic,335,55,55,55,85,55,30,Psychic,
606,Beheeyem,Psychic,485,75,75,75,125,95,40,Psychic,
607,Litwick,Ghost Fire,275,50,30,55,65,55,20,Ghost,Fire
608,Lampent,Ghost Fire,370,60,40,60,95,60,55,Ghost,Fire
609,Chandelure,Ghost Fire,520,60,55,90,145,90,80,Ghost,Fire
610,Axew,Dragon,320,46,87,60,30,40,57,Dragon,
611,Fraxure,Dragon,410,66,117,70,40,50,67,Dragon,
612,Haxorus,Dragon,540,76,147,90,60,70,97,Dragon,
613,Cubchoo,Ice,305,55,70,40,60,40,40,Ice,
614,Beartic,Ice,505,95,130,80,70,80,50,Ice,
615,Cryogonal,Ice,515,80,50,50,95,135,105,Ice,
616,Shelmet,Bug,305,50,40,85,40,65,25,Bug,
617,Accelgor,Bug,495,80,70,40,100,60,145,Bug,
618,Stunfisk,Ground Electric,471,109,66,84,81,99,32,Ground,Electric
618,Stunfisk Galarian Stunfisk,Ground Steel,471,109,81,99,66,84,32,Ground,Steel
619,Mienfoo,Fighting,350,45,85,50,55,50,65,Fighting,
620,Mienshao,Fighting,510,65,125,60,95,60,105,Fighting,
621,Druddigon,Dragon,485,77,120,90,60,90,48,Dragon,
622,Golett,Ground Ghost,303,59,74,50,35,50,35,Ground,Ghost
623,Golurk,Ground Ghost,483,89,124,80,55,80,55,Ground,Ghost
624,Pawniard,Dark Steel,340,45,85,70,40,40,60,Dark,Steel
625,Bisharp,Dark Steel,490,65,125,100,60,70,70,Dark,Steel
626,Bouffalant,Normal,490,95,110,95,40,95,55,Normal,
627,Rufflet,Normal Flying,350,70,83,50,37,50,60,Normal,Flying
628,Braviary,Normal Flying,510,100,123,75,57,75,80,Normal,Flying
628,Braviary Hisuian Braviary,Psychic Flying,510,110,83,70,112,70,65,Psychic,Flying
629,Vullaby,Dark Flying,370,70,55,75,45,65,60,Dark,Flying
630,Mandibuzz,Dark Flying,510,110,65,105,55,95,80,Dark,Flying
631,Heatmor,Fire,484,85,97,66,105,66,65,Fire,
632,Durant,Bug Steel,484,58,109,112,48,48,109,Bug,Steel
633,Deino,Dark Dragon,300,52,65,50,45,50,38,Dark,Dragon
634,Zweilous,Dark Dragon,420,72,85,70,65,70,58,Dark,Dragon
635,Hydreigon,Dark Dragon,600,92,105,90,125,90,98,Dark,Dragon
636,Larvesta,Bug Fire,360,55,85,55,50,55,60,Bug,Fire
637,Volcarona,Bug Fire,550,85,60,65,135,105,100,Bug,Fire
638,Cobalion,Steel Fighting,580,91,90,129,90,72,108,Steel,Fighting
639,Terrakion,Rock Fighting,580,91,129,90,72,90,108,Rock,Fighting
640,Virizion,Grass Fighting,580,91,90,72,90,129,108,Grass,Fighting
641,Tornadus Incarnate Forme,Flying,580,79,115,70,125,80,111,Flying,
641,Tornadus Therian Forme,Flying,580,79,100,80,110,90,121,Flying,
642,Thundurus Incarnate Forme,Electric Flying,580,79,115,70,125,80,111,Electric,Flying
642,Thundurus Therian Forme,Electric Flying,580,79,105,70,145,80,101,Electric,Flying
643,Reshiram,Dragon Fire,680,100,120,100,150,120,90,Dragon,Fire
644,Zekrom,Dragon Electric,680,100,150,120,120,100,90,Dragon,Electric
645,Landorus Incarnate Forme,Ground Flying,600,89,125,90,115,80,101,Ground,Flying
645,Landorus Therian Forme,Ground Flying,600,89,145,90,105,80,91,Ground,Flying
646,Kyurem,Dragon Ice,660,125,130,90,130,90,95,Dragon,Ice
646,Kyurem White Kyurem,Dragon Ice,700,125,120,90,170,100,95,Dragon,Ice
646,Kyurem Black Kyurem,Dragon Ice,700,125,170,100,120,90,95,Dragon,Ice
647,Keldeo Ordinary Form,Water Fighting,580,91,72,90,129,90,108,Water,Fighting
647,Keldeo Resolute Form,Water Fighting,580,91,72,90,129,90,108,Water,Fighting
648,Meloetta Aria Forme,Normal Psychic,600,100,77,77,128,128,90,Normal,Psychic
648,Meloetta Pirouette Forme,Normal Fighting,600,100,128,90,77,77,128,Normal,Fighting
649,Genesect,Bug Steel,600,71,120,95,120,95,99,Bug,Steel
650,Chespin,Grass,313,56,61,65,48,45,38,Grass,
651,Quilladin,Grass,405,61,78,95,56,58,57,Grass,
652,Chesnaught,Grass Fighting,530,88,107,122,74,75,64,Grass,Fighting
653,Fennekin,Fire,307,40,45,40,62,60,60,Fire,
654,Braixen,Fire,409,59,59,58,90,70,73,Fire,
655,Delphox,Fire Psychic,534,75,69,72,114,100,104,Fire,Psychic
656,Froakie,Water,314,41,56,40,62,44,71,Water,
657,Frogadier,Water,405,54,63,52,83,56,97,Water,
658,Greninja,Water Dark,530,72,95,67,103,71,122,Water,Dark
658,Greninja Ash-Greninja,Water Dark,640,72,145,67,153,71,132,Water,Dark
659,Bunnelby,Normal,237,38,36,38,32,36,57,Normal,
660,Diggersby,Normal Ground,423,85,56,77,50,77,78,Normal,Ground
661,Fletchling,Normal Flying,278,45,50,43,40,38,62,Normal,Flying
662,Fletchinder,Fire Flying,382,62,73,55,56,52,84,Fire,Flying
663,Talonflame,Fire Flying,499,78,81,71,74,69,126,Fire,Flying
664,Scatterbug,Bug,200,38,35,40,27,25,35,Bug,
665,Spewpa,Bug,213,45,22,60,27,30,29,Bug,
666,Vivillon,Bug Flying,411,80,52,50,90,50,89,Bug,Flying
667,Litleo,Fire Normal,369,62,50,58,73,54,72,Fire,Normal
668,Pyroar,Fire Normal,507,86,68,72,109,66,106,Fire,Normal
669,Flabébé,Fairy,303,44,38,39,61,79,42,Fairy,
670,Floette,Fairy,371,54,45,47,75,98,52,Fairy,
671,Florges,Fairy,552,78,65,68,112,154,75,Fairy,
672,Skiddo,Grass,350,66,65,48,62,57,52,Grass,
673,Gogoat,Grass,531,123,100,62,97,81,68,Grass,
674,Pancham,Fighting,348,67,82,62,46,48,43,Fighting,
675,Pangoro,Fighting Dark,495,95,124,78,69,71,58,Fighting,Dark
676,Furfrou,Normal,472,75,80,60,65,90,102,Normal,
677,Espurr,Psychic,355,62,48,54,63,60,68,Psychic,
678,Meowstic Male,Psychic,466,74,48,76,83,81,104,Psychic,
678,Meowstic Female,Psychic,466,74,48,76,83,81,104,Psychic,
679,Honedge,Steel Ghost,325,45,80,100,35,37,28,Steel,Ghost
680,Doublade,Steel Ghost,448,59,110,150,45,49,35,Steel,Ghost
681,Aegislash Shield Forme,Steel Ghost,500,60,50,140,50,140,60,Steel,Ghost
681,Aegislash Blade Forme,Steel Ghost,500,60,140,50,140,50,60,Steel,Ghost
682,Spritzee,Fairy,341,78,52,60,63,65,23,Fairy,
683,Aromatisse,Fairy,462,101,72,72,99,89,29,Fairy,
684,Swirlix,Fairy,341,62,48,66,59,57,49,Fairy,
685,Slurpuff,Fairy,480,82,80,86,85,75,72,Fairy,
686,Inkay,Dark Psychic,288,53,54,53,37,46,45,Dark,Psychic
687,Malamar,Dark Psychic,482,86,92,88,68,75,73,Dark,Psychic
688,Binacle,Rock Water,306,42,52,67,39,56,50,Rock,Water
689,Barbaracle,Rock Water,500,72,105,115,54,86,68,Rock,Water
690,Skrelp,Poison Water,320,50,60,60,60,60,30,Poison,Water
691,Dragalge,Poison Dragon,494,65,75,90,97,123,44,Poison,Dragon
692,Clauncher,Water,330,50,53,62,58,63,44,Water,
693,Clawitzer,Water,500,71,73,88,120,89,59,Water,
694,Helioptile,Electric Normal,289,44,38,33,61,43,70,Electric,Normal
695,Heliolisk,Electric Normal,481,62,55,52,109,94,109,Electric,Normal
696,Tyrunt,Rock Dragon,362,58,89,77,45,45,48,Rock,Dragon
697,Tyrantrum,Rock Dragon,521,82,121,119,69,59,71,Rock,Dragon
698,Amaura,Rock Ice,362,77,59,50,67,63,46,Rock,Ice
699,Aurorus,Rock Ice,521,123,77,72,99,92,58,Rock,Ice
700,Sylveon,Fairy,525,95,65,65,110,130,60,Fairy,
701,Hawlucha,Fighting Flying,500,78,92,75,74,63,118,Fighting,Flying
702,Dedenne,Electric Fairy,431,67,58,57,81,67,101,Electric,Fairy
703,Carbink,Rock Fairy,500,50,50,150,50,150,50,Rock,Fairy
704,Goomy,Dragon,300,45,50,35,55,75,40,Dragon,
705,Sliggoo,Dragon,452,68,75,53,83,113,60,Dragon,
705,Sliggoo Hisuian Sliggoo,Steel Dragon,452,58,75,83,83,113,40,Steel,Dragon
706,Goodra,Dragon,600,90,100,70,110,150,80,Dragon,
706,Goodra Hisuian Goodra,Steel Dragon,600,80,100,100,110,150,60,Steel,Dragon
707,Klefki,Steel Fairy,470,57,80,91,80,87,75,Steel,Fairy
708,Phantump,Ghost Grass,309,43,70,48,50,60,38,Ghost,Grass
709,Trevenant,Ghost Grass,474,85,110,76,65,82,56,Ghost,Grass
710,Pumpkaboo Average Size,Ghost Grass,335,49,66,70,44,55,51,Ghost,Grass
710,Pumpkaboo Small Size,Ghost Grass,335,44,66,70,44,55,56,Ghost,Grass
710,Pumpkaboo Large Size,Ghost Grass,335,54,66,70,44,55,46,Ghost,Grass
710,Pumpkaboo Super Size,Ghost Grass,335,59,66,70,44,55,41,Ghost,Grass
711,Gourgeist Average Size,Ghost Grass,494,65,90,122,58,75,84,Ghost,Grass
711,Gourgeist Small Size,Ghost Grass,494,55,85,122,58,75,99,Ghost,Grass
711,Gourgeist Large Size,Ghost Grass,494,75,95,122,58,75,69,Ghost,Grass
711,Gourgeist Super Size,Ghost Grass,494,85,100,122,58,75,54,Ghost,Grass
712,Bergmite,Ice,304,55,69,85,32,35,28,Ice,
713,Avalugg,Ice,514,95,117,184,44,46,28,Ice,
713,Avalugg Hisuian Avalugg,Ice Rock,514,95,127,184,34,36,38,Ice,Rock
714,Noibat,Flying Dragon,245,40,30,35,45,40,55,Flying,Dragon
715,Noivern,Flying Dragon,535,85,70,80,97,80,123,Flying,Dragon
716,Xerneas,Fairy,680,126,131,95,131,98,99,Fairy,
717,Yveltal,Dark Flying,680,126,131,95,131,98,99,Dark,Flying
718,Zygarde 50% Forme,Dragon Ground,600,108,100,121,81,95,95,Dragon,Ground
718,Zygarde 10% Forme,Dragon Ground,486,54,100,71,61,85,115,Dragon,Ground
718,Zygarde Complete Forme,Dragon Ground,708,216,100,121,91,95,85,Dragon,Ground
719,Diancie,Rock Fairy,600,50,100,150,100,150,50,Rock,Fairy
719,Diancie Mega Diancie,Rock Fairy,700,50,160,110,160,110,110,Rock,Fairy
720,Hoopa Hoopa Confined,Psychic Ghost,600,80,110,60,150,130,70,Psychic,Ghost
720,Hoopa Hoopa Unbound,Psychic Dark,680,80,160,60,170,130,80,Psychic,Dark
721,Volcanion,Fire Water,600,80,110,120,130,90,70,Fire,Water
722,Rowlet,Grass Flying,320,68,55,55,50,50,42,Grass,Flying
723,Dartrix,Grass Flying,420,78,75,75,70,70,52,Grass,Flying
724,Decidueye,Grass Ghost,530,78,107,75,100,100,70,Grass,Ghost
724,Decidueye Hisuian Decidueye,Grass Fighting,530,88,112,80,95,95,60,Grass,Fighting
725,Litten,Fire,320,45,65,40,60,40,70,Fire,
726,Torracat,Fire,420,65,85,50,80,50,90,Fire,
727,Incineroar,Fire Dark,530,95,115,90,80,90,60,Fire,Dark
728,Popplio,Water,320,50,54,54,66,56,40,Water,
729,Brionne,Water,420,60,69,69,91,81,50,Water,
730,Primarina,Water Fairy,530,80,74,74,126,116,60,Water,Fairy
731,Pikipek,Normal Flying,265,35,75,30,30,30,65,Normal,Flying
732,Trumbeak,Normal Flying,355,55,85,50,40,50,75,Normal,Flying
733,Toucannon,Normal Flying,485,80,120,75,75,75,60,Normal,Flying
734,Yungoos,Normal,253,48,70,30,30,30,45,Normal,
735,Gumshoos,Normal,418,88,110,60,55,60,45,Normal,
736,Grubbin,Bug,300,47,62,45,55,45,46,Bug,
737,Charjabug,Bug Electric,400,57,82,95,55,75,36,Bug,Electric
738,Vikavolt,Bug Electric,500,77,70,90,145,75,43,Bug,Electric
739,Crabrawler,Fighting,338,47,82,57,42,47,63,Fighting,
740,Crabominable,Fighting Ice,478,97,132,77,62,67,43,Fighting,Ice
741,Oricorio Baile Style,Fire Flying,476,75,70,70,98,70,93,Fire,Flying
741,Oricorio Pom-Pom Style,Electric Flying,476,75,70,70,98,70,93,Electric,Flying
741,Oricorio Pa'u Style,Psychic Flying,476,75,70,70,98,70,93,Psychic,Flying
741,Oricorio Sensu Style,Ghost Flying,476,75,70,70,98,70,93,Ghost,Flying
742,Cutiefly,Bug Fairy,304,40,45,40,55,40,84,Bug,Fairy
743,Ribombee,Bug Fairy,464,60,55,60,95,70,124,Bug,Fairy
744,Rockruff,Rock,280,45,65,40,30,40,60,Rock,
744,Rockruff Own Tempo Rockruff,Rock,280,45,65,40,30,40,60,Rock,
745,Lycanroc Midday Form,Rock,487,75,115,65,55,65,112,Rock,
745,Lycanroc Midnight Form,Rock,487,85,115,75,55,75,82,Rock,
745,Lycanroc Dusk Form,Rock,487,75,117,65,55,65,110,Rock,
746,Wishiwashi Solo Form,Water,175,45,20,20,25,25,40,Water,
746,Wishiwashi School Form,Water,620,45,140,130,140,135,30,Water,
747,Mareanie,Poison Water,305,50,53,62,43,52,45,Poison,Water
748,Toxapex,Poison Water,495,50,63,152,53,142,35,Poison,Water
749,Mudbray,Ground,385,70,100,70,45,55,45,Ground,
750,Mudsdale,Ground,500,100,125,100,55,85,35,Ground,
751,Dewpider,Water Bug,269,38,40,52,40,72,27,Water,Bug
752,Araquanid,Water Bug,454,68,70,92,50,132,42,Water,Bug
753,Fomantis,Grass,250,40,55,35,50,35,35,Grass,
754,Lurantis,Grass,480,70,105,90,80,90,45,Grass,
755,Morelull,Grass Fairy,285,40,35,55,65,75,15,Grass,Fairy
756,Shiinotic,Grass Fairy,405,60,45,80,90,100,30,Grass,Fairy
757,Salandit,Poison Fire,320,48,44,40,71,40,77,Poison,Fire
758,Salazzle,Poison Fire,480,68,64,60,111,60,117,Poison,Fire
759,Stufful,Normal Fighting,340,70,75,50,45,50,50,Normal,Fighting
760,Bewear,Normal Fighting,500,120,125,80,55,60,60,Normal,Fighting
761,Bounsweet,Grass,210,42,30,38,30,38,32,Grass,
762,Steenee,Grass,290,52,40,48,40,48,62,Grass,
763,Tsareena,Grass,510,72,120,98,50,98,72,Grass,
764,Comfey,Fairy,485,51,52,90,82,110,100,Fairy,
765,Oranguru,Normal Psychic,490,90,60,80,90,110,60,Normal,Psychic
766,Passimian,Fighting,490,100,120,90,40,60,80,Fighting,
767,Wimpod,Bug Water,230,25,35,40,20,30,80,Bug,Water
768,Golisopod,Bug Water,530,75,125,140,60,90,40,Bug,Water
769,Sandygast,Ghost Ground,320,55,55,80,70,45,15,Ghost,Ground
770,Palossand,Ghost Ground,480,85,75,110,100,75,35,Ghost,Ground
771,Pyukumuku,Water,410,55,60,130,30,130,5,Water,
772,Type: Null,Normal,534,95,95,95,95,95,59,Normal,
773,Silvally,Normal,570,95,95,95,95,95,95,Normal,
774,Minior Meteor Form,Rock Flying,440,60,60,100,60,100,60,Rock,Flying
774,Minior Core Form,Rock Flying,500,60,100,60,100,60,120,Rock,Flying
775,Komala,Normal,480,65,115,65,75,95,65,Normal,
776,Turtonator,Fire Dragon,485,60,78,135,91,85,36,Fire,Dragon
777,Togedemaru,Electric Steel,435,65,98,63,40,73,96,Electric,Steel
778,Mimikyu,Ghost Fairy,476,55,90,80,50,105,96,Ghost,Fairy
779,Bruxish,Water Psychic,475,68,105,70,70,70,92,Water,Psychic
780,Drampa,Normal Dragon,485,78,60,85,135,91,36,Normal,Dragon
781,Dhelmise,Ghost Grass,517,70,131,100,86,90,40,Ghost,Grass
782,Jangmo-o,Dragon,300,45,55,65,45,45,45,Dragon,
783,Hakamo-o,Dragon Fighting,420,55,75,90,65,70,65,Dragon,Fighting
784,Kommo-o,Dragon Fighting,600,75,110,125,100,105,85,Dragon,Fighting
785,Tapu Koko,Electric Fairy,570,70,115,85,95,75,130,Electric,Fairy
786,Tapu Lele,Psychic Fairy,570,70,85,75,130,115,95,Psychic,Fairy
787,Tapu Bulu,Grass Fairy,570,70,130,115,85,95,75,Grass,Fairy
788,Tapu Fini,Water Fairy,570,70,75,115,95,130,85,Water,Fairy
789,Cosmog,Psychic,200,43,29,31,29,31,37,Psychic,
790,Cosmoem,Psychic,400,43,29,131,29,131,37,Psychic,
791,Solgaleo,Psychic Steel,680,137,137,107,113,89,97,Psychic,Steel
792,Lunala,Psychic Ghost,680,137,113,89,137,107,97,Psychic,Ghost
793,Nihilego,Rock Poison,570,109,53,47,127,131,103,Rock,Poison
794,Buzzwole,Bug Fighting,570,107,139,139,53,53,79,Bug,Fighting
795,Pheromosa,Bug Fighting,570,71,137,37,137,37,151,Bug,Fighting
796,Xurkitree,Electric,570,83,89,71,173,71,83,Electric,
797,Celesteela,Steel Flying,570,97,101,103,107,101,61,Steel,Flying
798,Kartana,Grass Steel,570,59,181,131,59,31,109,Grass,Steel
799,Guzzlord,Dark Dragon,570,223,101,53,97,53,43,Dark,Dragon
800,Necrozma,Psychic,600,97,107,101,127,89,79,Psychic,
800,Necrozma Dusk Mane Necrozma,Psychic Steel,680,97,157,127,113,109,77,Psychic,Steel
800,Necrozma Dawn Wings Necrozma,Psychic Ghost,680,97,113,109,157,127,77,Psychic,Ghost
800,Necrozma Ultra Necrozma,Psychic Dragon,754,97,167,97,167,97,129,Psychic,Dragon
801,Magearna,Steel Fairy,600,80,95,115,130,115,65,Steel,Fairy
802,Marshadow,Fighting Ghost,600,90,125,80,90,90,125,Fighting,Ghost
803,Poipole,Poison,420,67,73,67,73,67,73,Poison,
804,Naganadel,Poison Dragon,540,73,73,73,127,73,121,Poison,Dragon
805,Stakataka,Rock Steel,570,61,131,211,53,101,13,Rock,Steel
806,Blacephalon,Fire Ghost,570,53,127,53,151,79,107,Fire,Ghost
807,Zeraora,Electric,600,88,112,75,102,80,143,Electric,
808,Meltan,Steel,300,46,65,65,55,35,34,Steel,
809,Melmetal,Steel,600,135,143,143,80,65,34,Steel,
810,Grookey,Grass,310,50,65,50,40,40,65,Grass,
811,Thwackey,Grass,420,70,85,70,55,60,80,Grass,
812,Rillaboom,Grass,530,100,125,90,60,70,85,Grass,
813,Scorbunny,Fire,310,50,71,40,40,40,69,Fire,
814,Raboot,Fire,420,65,86,60,55,60,94,Fire,
815,Cinderace,Fire,530,80,116,75,65,75,119,Fire,
816,Sobble,Water,310,50,40,40,70,40,70,Water,
817,Drizzile,Water,420,65,60,55,95,55,90,Water,
818,Inteleon,Water,530,70,85,65,125,65,120,Water,
819,Skwovet,Normal,275,70,55,55,35,35,25,Normal,
820,Greedent,Normal,460,120,95,95,55,75,20,Normal,
821,Rookidee,Flying,245,38,47,35,33,35,57,Flying,
822,Corvisquire,Flying,365,68,67,55,43,55,77,Flying,
823,Corviknight,Flying Steel,495,98,87,105,53,85,67,Flying,Steel
824,Blipbug,Bug,180,25,20,20,25,45,45,Bug,
825,Dottler,Bug Psychic,335,50,35,80,50,90,30,Bug,Psychic
826,Orbeetle,Bug Psychic,505,60,45,110,80,120,90,Bug,Psychic
827,Nickit,Dark,245,40,28,28,47,52,50,Dark,
828,Thievul,Dark,455,70,58,58,87,92,90,Dark,
829,Gossifleur,Grass,250,40,40,60,40,60,10,Grass,
830,Eldegoss,Grass,460,60,50,90,80,120,60,Grass,
831,Wooloo,Normal,270,42,40,55,40,45,48,Normal,
832,Dubwool,Normal,490,72,80,100,60,90,88,Normal,
833,Chewtle,Water,284,50,64,50,38,38,44,Water,
834,Drednaw,Water Rock,485,90,115,90,48,68,74,Water,Rock
835,Yamper,Electric,270,59,45,50,40,50,26,Electric,
836,Boltund,Electric,490,69,90,60,90,60,121,Electric,
837,Rolycoly,Rock,240,30,40,50,40,50,30,Rock,
838,Carkol,Rock Fire,410,80,60,90,60,70,50,Rock,Fire
839,Coalossal,Rock Fire,510,110,80,120,80,90,30,Rock,Fire
840,Applin,Grass Dragon,260,40,40,80,40,40,20,Grass,Dragon
841,Flapple,Grass Dragon,485,70,110,80,95,60,70,Grass,Dragon
842,Appletun,Grass Dragon,485,110,85,80,100,80,30,Grass,Dragon
843,Silicobra,Ground,315,52,57,75,35,50,46,Ground,
844,Sandaconda,Ground,510,72,107,125,65,70,71,Ground,
845,Cramorant,Flying Water,475,70,85,55,85,95,85,Flying,Water
846,Arrokuda,Water,280,41,63,40,40,30,66,Water,
847,Barraskewda,Water,490,61,123,60,60,50,136,Water,
848,Toxel,Electric Poison,242,40,38,35,54,35,40,Electric,Poison
849,Toxtricity Amped Form,Electric Poison,502,75,98,70,114,70,75,Electric,Poison
849,Toxtricity Low Key Form,Electric Poison,502,75,98,70,114,70,75,Electric,Poison
850,Sizzlipede,Fire Bug,305,50,65,45,50,50,45,Fire,Bug
851,Centiskorch,Fire Bug,525,100,115,65,90,90,65,Fire,Bug
852,Clobbopus,Fighting,310,50,68,60,50,50,32,Fighting,
853,Grapploct,Fighting,480,80,118,90,70,80,42,Fighting,
854,Sinistea,Ghost,308,40,45,45,74,54,50,Ghost,
855,Polteageist,Ghost,508,60,65,65,134,114,70,Ghost,
856,Hatenna,Psychic,265,42,30,45,56,53,39,Psychic,
857,Hattrem,Psychic,370,57,40,65,86,73,49,Psychic,
858,Hatterene,Psychic Fairy,510,57,90,95,136,103,29,Psychic,Fairy
859,Impidimp,Dark Fairy,265,45,45,30,55,40,50,Dark,Fairy
860,Morgrem,Dark Fairy,370,65,60,45,75,55,70,Dark,Fairy
861,Grimmsnarl,Dark Fairy,510,95,120,65,95,75,60,Dark,Fairy
862,Obstagoon,Dark Normal,520,93,90,101,60,81,95,Dark,Normal
863,Perrserker,Steel,440,70,110,100,50,60,50,Steel,
864,Cursola,Ghost,510,60,95,50,145,130,30,Ghost,
865,Sirfetch'd,Fighting,507,62,135,95,68,82,65,Fighting,
866,Mr. Rime,Ice Psychic,520,80,85,75,110,100,70,Ice,Psychic
867,Runerigus,Ground Ghost,483,58,95,145,50,105,30,Ground,Ghost
868,Milcery,Fairy,270,45,40,40,50,61,34,Fairy,
869,Alcremie,Fairy,495,65,60,75,110,121,64,Fairy,
870,Falinks,Fighting,470,65,100,100,70,60,75,Fighting,
871,Pincurchin,Electric,435,48,101,95,91,85,15,Electric,
872,Snom,Ice Bug,185,30,25,35,45,30,20,Ice,Bug
873,Frosmoth,Ice Bug,475,70,65,60,125,90,65,Ice,Bug
874,Stonjourner,Rock,470,100,125,135,20,20,70,Rock,
875,Eiscue Ice Face,Ice,470,75,80,110,65,90,50,Ice,
875,Eiscue Noice Face,Ice,470,75,80,70,65,50,130,Ice,
876,Indeedee Male,Psychic Normal,475,60,65,55,105,95,95,Psychic,Normal
876,Indeedee Female,Psychic Normal,475,70,55,65,95,105,85,Psychic,Normal
877,Morpeko Full Belly Mode,Electric Dark,436,58,95,58,70,58,97,Electric,Dark
877,Morpeko Hangry Mode,Electric Dark,436,58,95,58,70,58,97,Electric,Dark
878,Cufant,Steel,330,72,80,49,40,49,40,Steel,
879,Copperajah,Steel,500,122,130,69,80,69,30,Steel,
880,Dracozolt,Electric Dragon,505,90,100,90,80,70,75,Electric,Dragon
881,Arctozolt,Electric Ice,505,90,100,90,90,80,55,Electric,Ice
882,Dracovish,Water Dragon,505,90,90,100,70,80,75,Water,Dragon
883,Arctovish,Water Ice,505,90,90,100,80,90,55,Water,Ice
884,Duraludon,Steel Dragon,535,70,95,115,120,50,85,Steel,Dragon
885,Dreepy,Dragon Ghost,270,28,60,30,40,30,82,Dragon,Ghost
886,Drakloak,Dragon Ghost,410,68,80,50,60,50,102,Dragon,Ghost
887,Dragapult,Dragon Ghost,600,88,120,75,100,75,142,Dragon,Ghost
888,Zacian Hero of Many Battles,Fairy,660,92,120,115,80,115,138,Fairy,
888,Zacian Crowned Sword,Fairy Steel,700,92,150,115,80,115,148,Fairy,Steel
889,Zamazenta Hero of Many Battles,Fighting,660,92,120,115,80,115,138,Fighting,
889,Zamazenta Crowned Shield,Fighting Steel,700,92,120,140,80,140,128,Fighting,Steel
890,Eternatus,Poison Dragon,690,140,85,95,145,95,130,Poison,Dragon
890,Eternatus Eternamax,Poison Dragon,1125,255,115,250,125,250,130,Poison,Dragon
891,Kubfu,Fighting,385,60,90,60,53,50,72,Fighting,
892,Urshifu Single Strike Style,Fighting Dark,550,100,130,100,63,60,97,Fighting,Dark
892,Urshifu Rapid Strike Style,Fighting Water,550,100,130,100,63,60,97,Fighting,Water
893,Zarude,Dark Grass,600,105,120,105,70,95,105,Dark,Grass
894,Regieleki,Electric,580,80,100,50,100,50,200,Electric,
895,Regidrago,Dragon,580,200,100,50,100,50,80,Dragon,
896,Glastrier,Ice,580,100,145,130,65,110,30,Ice,
897,Spectrier,Ghost,580,100,65,60,145,80,130,Ghost,
898,Calyrex,Psychic Grass,500,100,80,80,80,80,80,Psychic,Grass
898,Calyrex Ice Rider,Psychic Ice,680,100,165,150,85,130,50,Psychic,Ice
898,Calyrex Shadow Rider,Psychic Ghost,680,100,85,80,165,100,150,Psychic,Ghost
899,Wyrdeer,Normal Psychic,525,103,105,72,105,75,65,Normal,Psychic
900,Kleavor,Bug Rock,500,70,135,95,45,70,85,Bug,Rock
901,Ursaluna,Ground Normal,550,130,140,105,45,80,50,Ground,Normal
901,Ursaluna Bloodmoon,Ground Normal,555,113,70,120,135,65,52,Ground,Normal
902,Basculegion Male,Water Ghost,530,120,112,65,80,75,78,Water,Ghost
902,Basculegion Female,Water Ghost,530,120,92,65,100,75,78,Water,Ghost
903,Sneasler,Fighting Poison,510,80,130,60,40,80,120,Fighting,Poison
904,Overqwil,Dark Poison,510,85,115,95,65,65,85,Dark,Poison
905,Enamorus Incarnate Forme,Fairy Flying,580,74,115,70,135,80,106,Fairy,Flying
905,Enamorus Therian Forme,Fairy Flying,580,74,115,110,135,100,46,Fairy,Flying
906,Sprigatito,Grass,310,40,61,54,45,45,65,Grass,
907,Floragato,Grass,410,61,80,63,60,63,83,Grass,
908,Meowscarada,Grass Dark,530,76,110,70,81,70,123,Grass,Dark
909,Fuecoco,Fire,310,67,45,59,63,40,36,Fire,
910,Crocalor,Fire,411,81,55,78,90,58,49,Fire,
911,Skeledirge,Fire Ghost,530,104,75,100,110,75,66,Fire,Ghost
912,Quaxly,Water,310,55,65,45,50,45,50,Water,
913,Quaxwell,Water,410,70,85,65,65,60,65,Water,
914,Quaquaval,Water Fighting,530,85,120,80,85,75,85,Water,Fighting
915,Lechonk,Normal,254,54,45,40,35,45,35,Normal,
916,Oinkologne Male,Normal,489,110,100,75,59,80,65,Normal,
916,Oinkologne Female,Normal,489,115,90,70,59,90,65,Normal,
917,Tarountula,Bug,210,35,41,45,29,40,20,Bug,
918,Spidops,Bug,404,60,79,92,52,86,35,Bug,
919,Nymble,Bug,210,33,46,40,21,25,45,Bug,
920,Lokix,Bug Dark,450,71,102,78,52,55,92,Bug,Dark
921,Pawmi,Electric,240,45,50,20,40,25,60,Electric,
922,Pawmo,Electric Fighting,350,60,75,40,50,40,85,Electric,Fighting
923,Pawmot,Electric Fighting,490,70,115,70,70,60,105,Electric,Fighting
924,Tandemaus,Normal,305,50,50,45,40,45,75,Normal,
925,Maushold Family of Four,Normal,470,74,75,70,65,75,111,Normal,
925,Maushold Family of Three,Normal,470,74,75,70,65,75,111,Normal,
926,Fidough,Fairy,312,37,55,70,30,55,65,Fairy,
927,Dachsbun,Fairy,477,57,80,115,50,80,95,Fairy,
928,Smoliv,Grass Normal,260,41,35,45,58,51,30,Grass,Normal
929,Dolliv,Grass Normal,354,52,53,60,78,78,33,Grass,Normal
930,Arboliva,Grass Normal,510,78,69,90,125,109,39,Grass,Normal
931,Squawkabilly Green Plumage,Normal Flying,417,82,96,51,45,51,92,Normal,Flying
931,Squawkabilly Blue Plumage,Normal Flying,417,82,96,51,45,51,92,Normal,Flying
931,Squawkabilly Yellow Plumage,Normal Flying,417,82,96,51,45,51,92,Normal,Flying
931,Squawkabilly White Plumage,Normal Flying,417,82,96,51,45,51,92,Normal,Flying
932,Nacli,Rock,280,55,55,75,35,35,25,Rock,
933,Naclstack,Rock,355,60,60,100,35,65,35,Rock,
934,Garganacl,Rock,500,100,100,130,45,90,35,Rock,
935,Charcadet,Fire,255,40,50,40,50,40,35,Fire,
936,Armarouge,Fire Psychic,525,85,60,100,125,80,75,Fire,Psychic
937,Ceruledge,Fire Ghost,525,75,125,80,60,100,85,Fire,Ghost
938,Tadbulb,Electric,272,61,31,41,59,35,45,Electric,
939,Bellibolt,Electric,495,109,64,91,103,83,45,Electric,
940,Wattrel,Electric Flying,280,40,40,35,55,40,70,Electric,Flying
941,Kilowattrel,Electric Flying,490,70,70,60,105,60,125,Electric,Flying
942,Maschiff,Dark,340,60,78,60,40,51,51,Dark,
943,Mabosstiff,Dark,505,80,120,90,60,70,85,Dark,
944,Shroodle,Poison Normal,290,40,65,35,40,35,75,Poison,Normal
945,Grafaiai,Poison Normal,485,63,95,65,80,72,110,Poison,Normal
946,Bramblin,Grass Ghost,275,40,65,30,45,35,60,Grass,Ghost
947,Brambleghast,Grass Ghost,480,55,115,70,80,70,90,Grass,Ghost
948,Toedscool,Ground Grass,335,40,40,35,50,100,70,Ground,Grass
949,Toedscruel,Ground Grass,515,80,70,65,80,120,100,Ground,Grass
950,Klawf,Rock,450,70,100,115,35,55,75,Rock,
951,Capsakid,Grass,304,50,62,40,62,40,50,Grass,
952,Scovillain,Grass Fire,486,65,108,65,108,65,75,Grass,Fire
953,Rellor,Bug,270,41,50,60,31,58,30,Bug,
954,Rabsca,Bug Psychic,470,75,50,85,115,100,45,Bug,Psychic
955,Flittle,Psychic,255,30,35,30,55,30,75,Psychic,
956,Espathra,Psychic,481,95,60,60,101,60,105,Psychic,
957,Tinkatink,Fairy Steel,297,50,45,45,35,64,58,Fairy,Steel
958,Tinkatuff,Fairy Steel,380,65,55,55,45,82,78,Fairy,Steel
959,Tinkaton,Fairy Steel,506,85,75,77,70,105,94,Fairy,Steel
960,Wiglett,Water,245,10,55,25,35,25,95,Water,
961,Wugtrio,Water,425,35,100,50,50,70,120,Water,
962,Bombirdier,Flying Dark,485,70,103,85,60,85,82,Flying,Dark
963,Finizen,Water,315,70,45,40,45,40,75,Water,
964,Palafin Zero Form,Water,457,100,70,72,53,62,100,Water,
964,Palafin Hero Form,Water,650,100,160,97,106,87,100,Water,
965,Varoom,Steel Poison,300,45,70,63,30,45,47,Steel,Poison
966,Revavroom,Steel Poison,500,80,119,90,54,67,90,Steel,Poison
967,Cyclizar,Dragon Normal,501,70,95,65,85,65,121,Dragon,Normal
968,Orthworm,Steel,480,70,85,145,60,55,65,Steel,
969,Glimmet,Rock Poison,350,48,35,42,105,60,60,Rock,Poison
970,Glimmora,Rock Poison,525,83,55,90,130,81,86,Rock,Poison
971,Greavard,Ghost,290,50,61,60,30,55,34,Ghost,
972,Houndstone,Ghost,488,72,101,100,50,97,68,Ghost,
973,Flamigo,Flying Fighting,500,82,115,74,75,64,90,Flying,Fighting
974,Cetoddle,Ice,334,108,68,45,30,40,43,Ice,
975,Cetitan,Ice,521,170,113,65,45,55,73,Ice,
976,Veluza,Water Psychic,478,90,102,73,78,65,70,Water,Psychic
977,Dondozo,Water,530,150,100,115,65,65,35,Water,
978,Tatsugiri Curly Form,Dragon Water,475,68,50,60,120,95,82,Dragon,Water
978,Tatsugiri Droopy Form,Dragon Water,475,68,50,60,120,95,82,Dragon,Water
978,Tatsugiri Stretchy Form,Dragon Water,475,68,50,60,120,95,82,Dragon,Water
979,Annihilape,Fighting Ghost,535,110,115,80,50,90,90,Fighting,Ghost
980,Clodsire,Poison Ground,430,130,75,60,45,100,20,Poison,Ground
981,Farigiraf,Normal Psychic,520,120,90,70,110,70,60,Normal,Psychic
982,Dudunsparce Two-Segment Form,Normal,520,125,100,80,85,75,55,Normal,
982,Dudunsparce Three-Segment Form,Normal,520,125,100,80,85,75,55,Normal,
983,Kingambit,Dark Steel,550,100,135,120,60,85,50,Dark,Steel
984,Great Tusk,Ground Fighting,570,115,131,131,53,53,87,Ground,Fighting
985,Scream Tail,Fairy Psychic,570,115,65,99,65,115,111,Fairy,Psychic
986,Brute Bonnet,Grass Dark,570,111,127,99,79,99,55,Grass,Dark
987,Flutter Mane,Ghost Fairy,570,55,55,55,135,135,135,Ghost,Fairy
988,Slither Wing,Bug Fighting,570,85,135,79,85,105,81,Bug,Fighting
989,Sandy Shocks,Electric Ground,570,85,81,97,121,85,101,Electric,Ground
990,Iron Treads,Ground Steel,570,90,112,120,72,70,106,Ground,Steel
991,Iron Bundle,Ice Water,570,56,80,114,124,60,136,Ice,Water
992,Iron Hands,Fighting Electric,570,154,140,108,50,68,50,Fighting,Electric
993,Iron Jugulis,Dark Flying,570,94,80,86,122,80,108,Dark,Flying
994,Iron Moth,Fire Poison,570,80,70,60,140,110,110,Fire,Poison
995,Iron Thorns,Rock Electric,570,100,134,110,70,84,72,Rock,Electric
996,Frigibax,Dragon Ice,320,65,75,45,35,45,55,Dragon,Ice
997,Arctibax,Dragon Ice,423,90,95,66,45,65,62,Dragon,Ice
998,Baxcalibur,Dragon Ice,600,115,145,92,75,86,87,Dragon,Ice
999,Gimmighoul Chest Form,Ghost,300,45,30,70,75,70,10,Ghost,
999,Gimmighoul Roaming Form,Ghost,300,45,30,25,75,45,80,Ghost,
1000,Gholdengo,Steel Ghost,550,87,60,95,133,91,84,Steel,Ghost
1001,Wo-Chien,Dark Grass,570,85,85,100,95,135,70,Dark,Grass
1002,Chien-Pao,Dark Ice,570,80,120,80,90,65,135,Dark,Ice
1003,Ting-Lu,Dark Ground,570,155,110,125,55,80,45,Dark,Ground
1004,Chi-Yu,Dark Fire,570,55,80,80,135,120,100,Dark,Fire
1005,Roaring Moon,Dragon Dark,590,105,139,71,55,101,119,Dragon,Dark
1006,Iron Valiant,Fairy Fighting,590,74,130,90,120,60,116,Fairy,Fighting
1007,Koraidon,Fighting Dragon,670,100,135,115,85,100,135,Fighting,Dragon
1008,Miraidon,Electric Dragon,670,100,85,100,135,115,135,Electric,Dragon
1009,Walking Wake,Water Dragon,590,99,83,91,125,83,109,Water,Dragon
1010,Iron Leaves,Grass Psychic,590,90,130,88,70,108,104,Grass,Psychic
1011,Dipplin,Grass Dragon,485,80,80,110,95,80,40,Grass,Dragon
1012,Poltchageist,Grass Ghost,308,40,45,45,74,54,50,Grass,Ghost
1013,Sinistcha,Grass Ghost,508,71,60,106,121,80,70,Grass,Ghost
1014,Okidogi,Poison Fighting,555,88,128,115,58,86,80,Poison,Fighting
1015,Munkidori,Poison Psychic,555,88,75,66,130,90,106,Poison,Psychic
1016,Fezandipiti,Poison Fairy,555,88,91,82,70,125,99,Poison,Fairy
1017,Ogerpon Teal Mask,Grass,550,80,120,84,60,96,110,Grass,
1017,Ogerpon Wellspring Mask,Grass Water,550,80,120,84,60,96,110,Grass,Water
1017,Ogerpon Hearthflame Mask,Grass Fire,550,80,120,84,60,96,110,Grass,Fire
1017,Ogerpon Cornerstone Mask,Grass Rock,550,80,120,84,60,96,110,Grass,Rock
1018,Archaludon,Steel Dragon,600,90,105,130,125,65,85,Steel,Dragon
1019,Hydrapple,Grass Dragon,540,106,80,110,120,80,44,Grass,Dragon
1020,Gouging Fire,Fire Dragon,590,105,115,121,65,93,91,Fire,Dragon
1021,Raging Bolt,Electric Dragon,590,125,73,91,137,89,75,Electric,Dragon
1022,Iron Boulder,Rock Psychic,590,90,120,80,68,108,124,Rock,Psychic
1023,Iron Crown,Steel Psychic,590,90,72,100,122,108,98,Steel,Psychic
1024,Terapagos Normal Form,Normal,450,90,65,85,65,85,60,Normal,
1024,Terapagos Terastal Form,Normal,600,95,95,110,105,110,85,Normal,
1024,Terapagos Stellar Form,Normal,700,160,105,110,130,110,85,Normal,
1025,Pecharunt,Poison Ghost,600,88,88,160,88,88,88,Poison,Ghost
